country;Year;GDP.growth..annual...;GDP..current.US..
Albania;1975;NA;NA
Andorra;1975;0,542205658763677;220127246,376812
Armenia;1975;NA;NA
Australia;1975;1,34991678730046;97171924074,8327
Austria;1975;-0,363735434053538;40059206763,056
Azerbaijan;1975;NA;NA
Belarus;1975;NA;NA
Belgium;1975;-1,96594156584821;65678189097,2908
Bosnia and Herzegovina;1975;NA;NA
Bulgaria;1975;NA;NA
Croatia;1975;NA;NA
Cyprus;1975;NA;489914760,682807
Czech Republic;1975;NA;NA
Denmark;1975;-1,45664493601456;40474406216,2821
Estonia;1975;NA;NA
Finland;1975;1,80489827726724;29472623242,2822
France;1975;-0,959884746223096;360832186018,051
Georgia;1975;7,38094530055061;NA
Germany;1975;-0,866738894227723;490636517211,225
Greece;1975;6,36680874604197;28525876726,8863
Hungary;1975;NA;NA
Iceland;1975;0,646155033497564;1408989590,11061
Ireland;1975;5,65664476085033;9495165505,22648
Israel;1975;3,24281987463699;15413333333,3333
Italy;1975;-2,09016291535852;227695851126,928
Latvia;1975;NA;NA
Lithuania;1975;NA;NA
Luxembourg;1975;-6,57137138724029;3233432050,01645
Macedonia;1975;NA;NA
Malta;1975;19,5600808646514;474620439,58496
Moldova;1975;NA;NA
Monaco;1975;-0,972637493748465;711922994,225545
Montenegro;1975;NA;NA
Morocco;1975;7,55822156130436;8984824182,60333
Netherlands;1975;0,00202886228375121;100249523353,085
Norway;1975;4,95214778544401;32877805200,023
Poland;1975;NA;NA
Portugal;1975;-4,34763054504394;19347607843,1373
Romania;1975;NA;NA
Russia;1975;NA;NA
San Marino;1975;NA;NA
Serbia;1975;NA;NA
Serbia and Montenegro;1975;NA;NA
Slovakia;1975;NA;NA
Slovenia;1975;NA;NA
Spain;1975;0,542203214009334;114777046376,812
Sweden;1975;2,55286264270535;82885397620,5385
Switzerland;1975;-7,28317456437819;63570059272,4596
Turkey;1975;7,17411268977106;44633707242,7642
Ukraine;1975;NA;NA
United Kingdom;1975;-1,47364954200184;241756637168,142
Yugoslavia;1975;NA;NA
Albania;1976;NA;NA
Andorra;1976;3,30378704950793;227281024,620741
Armenia;1976;NA;NA
Australia;1976;2,58769620026857;104921215177,108
Austria;1976;4,57844543332115;42959976221,5234
Azerbaijan;1976;NA;NA
Belarus;1976;NA;NA
Belgium;1976;5,65274593317993;71113882967,6071
Bosnia and Herzegovina;1976;NA;NA
Bulgaria;1976;NA;NA
Croatia;1976;NA;NA
Cyprus;1976;20,2662921880826;576090073,715036
Czech Republic;1976;NA;NA
Denmark;1976;5,92460618689674;44575892473,1183
Estonia;1976;NA;NA
Finland;1976;0,344382485474924;31849513771,3494
France;1976;4,35675890276836;372319038514,067
Georgia;1976;6,09756423426711;NA
Germany;1976;4,94925837665457;519754453161,411
Greece;1976;6,85189823595975;31152835820,8955
Hungary;1976;NA;NA
Iceland;1976;5,95936756375369;1671998133,61146
Ireland;1976;1,3948074205731;9465077837,53184
Israel;1976;0,322503037395052;15236250000
Italy;1976;7,12538513712093;224717278436,846
Latvia;1976;NA;NA
Lithuania;1976;NA;NA
Luxembourg;1976;2,53433511732875;3544268547,54441
Macedonia;1976;NA;NA
Malta;1976;17,0170895648017;527936988,791275
Moldova;1976;NA;NA
Monaco;1976;4,41162878210963;735339911,935065
Montenegro;1976;NA;NA
Morocco;1976;10,8127813441382;9584323309,12136
Netherlands;1976;4,45630965160997;109168720620,103
Norway;1976;5,8253934592605;35942270686,3374
Poland;1976;NA;NA
Portugal;1976;6,90023041389311;20332831564,9867
Romania;1976;NA;NA
Russia;1976;NA;NA
San Marino;1976;NA;NA
Serbia;1976;NA;NA
Serbia and Montenegro;1976;NA;NA
Slovakia;1976;NA;NA
Slovenia;1976;NA;NA
Spain;1976;3,30379150489574;118507184779,905
Sweden;1976;1,05810487661601;89362071672,9034
Switzerland;1976;-1,40367618715264;66493313730,1968
Turkey;1976;10,4611795563238;51280134554,2889
Ukraine;1976;NA;NA
United Kingdom;1976;2,91026625694681;232614555256,065
Yugoslavia;1976;NA;NA
Albania;1977;NA;NA
Andorra;1977;2,83857556610046;254020153,340635
Armenia;1977;NA;NA
Australia;1977;3,59742756746006;110201881165,405
Austria;1977;5,07998059425915;51545758887,6863
Azerbaijan;1977;NA;NA
Belarus;1977;NA;NA
Belgium;1977;0,626154854021308;82839905458,6382
Bosnia and Herzegovina;1977;NA;NA
Bulgaria;1977;NA;NA
Croatia;1977;NA;NA
Cyprus;1977;16,3620009517149;734887973,975806
Czech Republic;1977;NA;NA
Denmark;1977;1,87029103033571;49784338519,4563
Estonia;1977;NA;NA
Finland;1977;0,239510829311158;33499799321,2336
France;1977;3,46431200428788;410279486493,715
Georgia;1977;6,89655016091213;NA
Germany;1977;3,34721812001672;600498238019,035
Greece;1977;2,94100169684171;36176234967,6226
Hungary;1977;NA;NA
Iceland;1977;8,82227717865716;2211828832,90592
Ireland;1977;8,21130051681;11261810688,2814
Israel;1977;1,03529896318599;1,7433e+10
Italy;1977;2,56050084476698;257596313364,055
Latvia;1977;NA;NA
Lithuania;1977;NA;NA
Luxembourg;1977;1,56977456645151;3922895891,95273
Macedonia;1977;NA;NA
Malta;1977;12,1841698013342;625573345,532174
Moldova;1977;NA;NA
Monaco;1977;3,55323608267122;811250927,388998
Montenegro;1977;NA;NA
Morocco;1977;6,05916767916479;11049896742,3889
Netherlands;1977;2,52044027918959;127016990212,804
Norway;1977;4,16074732242862;41508030431,1074
Poland;1977;NA;NA
Portugal;1977;5,602597312963;21439523310,6338
Romania;1977;NA;NA
Russia;1977;NA;NA
San Marino;1977;NA;NA
Serbia;1977;NA;NA
Serbia and Montenegro;1977;NA;NA
Slovakia;1977;NA;NA
Slovenia;1977;NA;NA
Spain;1977;2,83857436036729;132449277108,434
Sweden;1977;-1,59625856634133;94468740851,4816
Switzerland;1977;2,43365229944503;71017619305,1799
Turkey;1977;3,40666980449156;58676813687,3681
Ukraine;1977;NA;NA
United Kingdom;1977;2,45775048096047;263066457352,172
Yugoslavia;1977;NA;NA
Albania;1978;NA;NA
Andorra;1978;1,46300017893397;308008897,569444
Armenia;1978;NA;NA
Australia;1978;0,896879845528218;118338596886,984
Austria;1978;-0,210653695162677;62052259073,2493
Azerbaijan;1978;NA;NA
Belarus;1978;NA;NA
Belgium;1978;2,84189649082269;101246526194,441
Bosnia and Herzegovina;1978;NA;NA
Bulgaria;1978;NA;NA
Croatia;1978;NA;NA
Cyprus;1978;7,77740335905037;964026512,197839
Czech Republic;1978;NA;NA
Denmark;1978;2,22630854042809;60362931853,6249
Estonia;1978;NA;NA
Finland;1978;2,91970741193541;36256160288,8087
France;1978;3,97854372235838;506707848837,209
Georgia;1978;7,42912769196221;NA
Germany;1978;3,00849285673846;740469983446,933
Greece;1978;7,24686343185905;44270204081,6327
Hungary;1978;NA;NA
Iceland;1978;6,01671460450549;2515601785,25322
Ireland;1978;7,1867303018398;14665537601,933
Israel;1978;5,55508730309833;16901764705,8824
Italy;1978;3,24013975184891;315058323066,393
Latvia;1978;NA;NA
Lithuania;1978;NA;NA
Luxembourg;1978;4,07497250773974;4884868707,57013
Macedonia;1978;NA;NA
Malta;1978;11,1611581906167;793675169,878579
Moldova;1978;NA;NA
Monaco;1978;3,95355130134929;1000535735,38751
Montenegro;1978;NA;NA
Morocco;1978;2,23266338830095;13236854105,1672
Netherlands;1978;2,69624696371605;155859695457,323
Norway;1978;3,86940625072467;46523091009,6713
Poland;1978;NA;NA
Portugal;1978;2,81596615285167;23487614051,0949
Romania;1978;NA;NA
Russia;1978;NA;NA
San Marino;1978;NA;NA
Serbia;1978;NA;NA
Serbia and Montenegro;1978;NA;NA
Slovakia;1978;NA;NA
Slovenia;1978;NA;NA
Spain;1978;1,46300344615614;160599687500
Sweden;1978;1,75154804977409;104442351222,751
Switzerland;1978;0,409083777734281;99318234340,0447
Turkey;1978;1,50293301122329;65147022485,7919
Ukraine;1978;NA;NA
United Kingdom;1978;4,20426042568425;335883029721,956
Yugoslavia;1978;NA;NA
Albania;1979;NA;NA
Andorra;1979;0,0415571951294567;411578334,159643
Armenia;1979;NA;NA
Australia;1979;4,04348669176025;134712029989,776
Austria;1979;5,35669990025116;73937296963,4586
Azerbaijan;1979;NA;NA
Belarus;1979;NA;NA
Belgium;1979;2,34107295556814;116315456796,918
Bosnia and Herzegovina;1979;NA;NA
Bulgaria;1979;NA;NA
Croatia;1979;NA;NA
Cyprus;1979;9,90556938358054;1288715209,58084
Czech Republic;1979;NA;NA
Denmark;1979;3,86911148264211;70366241969,2074
Estonia;1979;NA;NA
Finland;1979;7,12192637149123;44465255686,1548
France;1979;3,54998915669242;613953129818,07
Georgia;1979;7,37034607195648;NA
Germany;1979;4,15036334066737;881345176608,686
Greece;1979;3,28208019821201;54481876724,931
Hungary;1979;NA;NA
Iceland;1979;4,8605824854645;2857724333,52241
Ireland;1979;3,07303589185656;18341273372,0181
Israel;1979;6,20781594707121;21589200000
Italy;1979;5,95915942625737;393677161500,816
Latvia;1979;NA;NA
Lithuania;1979;NA;NA
Luxembourg;1979;2,34560921239245;5711458447,99119
Macedonia;1979;NA;NA
Malta;1979;10,4907731676097;1001300838,32335
Moldova;1979;NA;NA
Monaco;1979;3,53420492867116;1209898293,46372
Montenegro;1979;NA;NA
Morocco;1979;4,79378720509548;15912133569,2852
Netherlands;1979;2,01416612801977;179669405690,432
Norway;1979;4,37245992731722;53132244623,9213
Poland;1979;NA;NA
Portugal;1979;5,63893782270115;26622819672,1311
Romania;1979;NA;NA
Russia;1979;NA;NA
San Marino;1979;NA;NA
Serbia;1979;NA;NA
Serbia and Montenegro;1979;NA;NA
Slovakia;1979;NA;NA
Slovenia;1979;NA;NA
Spain;1979;0,0415463453412883;214601955875,062
Sweden;1979;3,84000347660032;123386410160,715
Switzerland;1979;2,49151198025532;111640341011,608
Turkey;1979;-0,624113570222889;89394085658,2038
Ukraine;1979;NA;NA
United Kingdom;1979;3,74901664259653;438994070309,191
Yugoslavia;1979;NA;NA
Albania;1980;NA;NA
Andorra;1980;2,20872760693067;446416105,825017
Armenia;1980;NA;NA
Australia;1980;3,03424587145736;149776044568,245
Austria;1980;1,73148559549917;82058912997,2346
Azerbaijan;1980;NA;NA
Belarus;1980;NA;NA
Belgium;1980;4,44405387639348;126829314388,191
Bosnia and Herzegovina;1980;NA;NA
Bulgaria;1980;NA;19839230769,2308
Croatia;1980;NA;NA
Cyprus;1980;5,75324470140077;2154311276,94859
Czech Republic;1980;NA;NA
Denmark;1980;-0,482986336653326;71127528699,9414
Estonia;1980;NA;NA
Finland;1980;5,38904788022778;53645202422,6968
France;1980;1,57874525990584;701288419745,421
Georgia;1980;4,57626627457819;NA
Germany;1980;1,40882863572145;950290856466,538
Greece;1980;0,677130861413417;56829664268,5851
Hungary;1980;NA;NA
Iceland;1980;5,74792068476069;3386502001,0005
Ireland;1980;3,0793280050116;21773901925,878
Israel;1980;1,67044149834388;24248823529,4118
Italy;1980;3,4300164144226;477256775943,929
Latvia;1980;NA;NA
Lithuania;1980;NA;NA
Luxembourg;1980;0,840877542513851;6232005793,90261
Macedonia;1980;NA;NA
Malta;1980;7,04971121492007;1250242107,87969
Moldova;1980;NA;NA
Monaco;1980;1,68545743348373;1378130995,65913
Montenegro;1980;NA;NA
Morocco;1980;3,64216481331357;21728770055,3777
Netherlands;1980;1,34191413595499;195152092662,381
Norway;1980;4,56464835641921;64439382896,0156
Poland;1980;NA;NA
Portugal;1980;4,58933992368382;32896519823,7885
Romania;1980;NA;NA
Russia;1980;NA;NA
San Marino;1980;NA;NA
Serbia;1980;NA;NA
Serbia and Montenegro;1980;NA;NA
Slovakia;1980;NA;NA
Slovenia;1980;NA;NA
Spain;1980;2,20872827746719;232766822928,754
Sweden;1980;1,69997143939247;142092068280,689
Switzerland;1980;4,60197737285843;119008334427,403
Turkey;1980;-2,44735042580156;68789289565,7434
Ukraine;1980;NA;NA
United Kingdom;1980;-2,03136778090925;564947710899,373
Yugoslavia;1980;NA;NA
Albania;1981;5,7456352920068;NA
Andorra;1981;-0,132474511474285;388958731,302938
Armenia;1981;NA;NA
Australia;1981;3,33776813804133;176642284918,147
Austria;1981;-0,14429469056661;71034228443,062
Azerbaijan;1981;NA;NA
Belarus;1981;NA;NA
Belgium;1981;-0,279283279362133;104730018470,23
Bosnia and Herzegovina;1981;NA;NA
Bulgaria;1981;4,90016185983106;1,987e+10
Croatia;1981;NA;NA
Cyprus;1981;2,51699844067204;2087496373,77964
Czech Republic;1981;NA;NA
Denmark;1981;-0,666124155581699;61877813965,2413
Estonia;1981;NA;NA
Finland;1981;1,3158788537492;52448332874,07
France;1981;1,06901983853727;615552202776,101
Georgia;1981;5,2674236559411;NA
Germany;1981;0,529240556536067;800472055387,278
Greece;1981;-1,55372085644029;52346506765,0676
Hungary;1981;NA;NA
Iceland;1981;4,26500709226671;3498247418,39927
Ireland;1981;3,32521630118121;20694943592,3438
Israel;1981;5,3399269801952;25668421052,6316
Italy;1981;0,844227607248143;430702851303,015
Latvia;1981;NA;NA
Lithuania;1981;NA;NA
Luxembourg;1981;-0,550947827759458;5231808996,08866
Macedonia;1981;NA;NA
Malta;1981;3,3117620744263;1243469360,56838
Moldova;1981;NA;NA
Monaco;1981;0,922378369239851;1205166025,51592
Montenegro;1981;NA;NA
Morocco;1981;-1,74343493044302;17788171722,4446
Netherlands;1981;-0,783611707416071;164134217080,279
Norway;1981;1,59827436373983;63596654760,8677
Poland;1981;NA;NA
Portugal;1981;1,61810421541844;31977276872,9642
Romania;1981;NA;NA
Russia;1981;NA;NA
San Marino;1981;NA;NA
Serbia;1981;NA;NA
Serbia and Montenegro;1981;NA;NA
Slovakia;1981;NA;NA
Slovenia;1981;NA;NA
Spain;1981;-0,132468611426361;202807891511,984
Sweden;1981;0,45483041663563;129686938223,328
Switzerland;1981;1,60133601188332;108993981264,637
Turkey;1981;4,85664876652039;71040020140,4436
Ukraine;1981;NA;NA
United Kingdom;1981;-0,787743851356353;540765675241,158
Yugoslavia;1981;NA;NA
Albania;1982;2,9485968015687;NA
Andorra;1982;1,24646111342557;375895956,383462
Armenia;1982;NA;NA
Australia;1982;3,32844193385323;193770274743,462
Austria;1982;2,01125470754351;71275287569,5733
Azerbaijan;1982;NA;NA
Belarus;1982;NA;NA
Belgium;1982;0,594986772001008;92095926187,5331
Bosnia and Herzegovina;1982;NA;NA
Bulgaria;1982;2,33456559219081;1,9342e+10
Croatia;1982;NA;NA
Cyprus;1982;6,02170898483783;2159242416,76942
Czech Republic;1982;NA;NA
Denmark;1982;3,68457296763364;60412844678,604
Estonia;1982;NA;NA
Finland;1982;3,10808869307027;52797582336,2526
France;1982;2,50539661637579;584877732308,614
Georgia;1982;2,00153854146568;NA
Germany;1982;-0,394840774795966;776576439106,956
Greece;1982;-1,13264740070785;54617989795,9184
Hungary;1982;NA;NA
Iceland;1982;2,15456624627028;3211446625,91588
Ireland;1982;2,28346851428232;21500471719,2041
Israel;1982;2,08249993071293;27934609053,4979
Italy;1982;0,413585694627969;427272645669,291
Latvia;1982;NA;NA
Lithuania;1982;NA;NA
Luxembourg;1982;1,13129862124195;4764549708,635
Macedonia;1982;NA;NA
Malta;1982;2,2844523055533;1234518125
Moldova;1982;NA;NA
Monaco;1982;2,43238947167906;1143229071,77943
Montenegro;1982;NA;NA
Morocco;1982;8,95737202264262;17692341358,1272
Netherlands;1982;-1,24075659270838;158479527935,958
Norway;1982;0,235354478446709;62647195537,6511
Poland;1982;NA;NA
Portugal;1982;2,13537507759274;30527754793,1382
Romania;1982;NA;NA
Russia;1982;NA;NA
San Marino;1982;NA;NA
Serbia;1982;NA;NA
Serbia and Montenegro;1982;NA;NA
Slovakia;1982;NA;NA
Slovenia;1982;NA;NA
Spain;1982;1,24646170534606;195996754505,528
Sweden;1982;1,24866467922725;114380557730,876
Switzerland;1982;-1,30941762369659;111711489927,597
Turkey;1982;3,56322781218346;64546332580,7583
Ukraine;1982;NA;NA
United Kingdom;1982;1,99489121570818;515048916841,37
Yugoslavia;1982;NA;NA
Albania;1983;1,104938261827;NA
Andorra;1983;1,7701183169326;327861832,946636
Armenia;1983;NA;NA
Australia;1983;-2,22047012220898;177030416471,689
Austria;1983;2,97308803031213;72121016546,6524
Azerbaijan;1983;NA;NA
Belarus;1983;NA;NA
Belgium;1983;0,311842702585196;87184239053,2544
Bosnia and Herzegovina;1983;NA;NA
Bulgaria;1983;3,43030591266272;16563666666,6667
Croatia;1983;NA;NA
Cyprus;1983;5,58218170220279;2160364071,19021
Czech Republic;1983;NA;NA
Denmark;1983;2,59607191923766;60644782176,0525
Estonia;1983;NA;NA
Finland;1983;3,11658151416627;50973526900,0854
France;1983;1,24086486211559;559869179791,72
Georgia;1983;4,30188684407258;NA
Germany;1983;1,57241016952116;770684323247,798
Greece;1983;-1,07862294708484;49428873839,0093
Hungary;1983;NA;NA
Iceland;1983;-2,15116171794479;2770107918,59211
Ireland;1983;-0,244300596361441;20790917098,9527
Israel;1983;3,35910167578164;31200693950,1779
Italy;1983;1,16920349453939;443042373788,883
Latvia;1983;NA;NA
Lithuania;1983;NA;NA
Luxembourg;1983;2,9890744098732;4683697830,37475
Macedonia;1983;NA;NA
Malta;1983;-0,612390116892172;1165771369,00625
Moldova;1983;NA;NA
Monaco;1983;1,19497334906886;1092551781,01486
Montenegro;1983;NA;NA
Morocco;1983;1,38656957718641;16251460689,3254
Netherlands;1983;2,06995788790063;153445465987,182
Norway;1983;3,97280881355124;61627240831,0948
Poland;1983;NA;NA
Portugal;1983;-0,173113548251848;27239650741,9472
Romania;1983;NA;NA
Russia;1983;NA;NA
San Marino;1983;NA;NA
Serbia;1983;NA;NA
Serbia and Montenegro;1983;NA;NA
Slovakia;1983;NA;NA
Slovenia;1983;NA;NA
Spain;1983;1,77011566326799;170951185614,849
Sweden;1983;1,90063873020327;105014356666,797
Switzerland;1983;0,639079567655898;111314328521,747
Turkey;1983;4,97108077727097;61678280115,4987
Ukraine;1983;NA;NA
United Kingdom;1983;4,22185640855157;489618008185,539
Yugoslavia;1983;NA;NA
Albania;1984;-1,25159664469855;1857338011,85488
Andorra;1984;1,78468669356731;330070689,298282
Armenia;1984;NA;NA
Australia;1984;4,58129721922676;193242166274,226
Austria;1984;0,0512747629668411;67985344886,8716
Azerbaijan;1984;NA;NA
Belarus;1984;NA;NA
Belgium;1984;2,46638280528001;83349530159,1734
Bosnia and Herzegovina;1984;NA;NA
Bulgaria;1984;3,39644362278422;17594944444,4444
Croatia;1984;NA;NA
Cyprus;1984;8,75789438428602;2278248953,14058
Czech Republic;1984;NA;NA
Denmark;1984;4,16613792284444;59105236853,7937
Estonia;1984;NA;NA
Finland;1984;3,23769199585604;52888800949,7428
France;1984;1,51372160344316;530683779929,445
Georgia;1984;5,42692297056458;NA
Germany;1984;2,82294780997955;725111123634,115
Greece;1984;2,01058062547541;48020024183,7969
Hungary;1984;NA;NA
Iceland;1984;4,12911825743237;2868747038,05488
Ireland;1984;4,35437189089987;20130728188,4924
Israel;1984;0,933213767199945;29262189631,6507
Italy;1984;3,22585231527985;437887689001,543
Latvia;1984;NA;NA
Lithuania;1984;NA;NA
Luxembourg;1984;6,18694108566717;4594891790,00279
Macedonia;1984;NA;NA
Malta;1984;0,942370935479602;1101828568,76804
Moldova;1984;NA;NA
Monaco;1984;1,48451563381917;1037314956,25083
Montenegro;1984;NA;NA
Morocco;1984;6,41838632127607;14824728528,4604
Netherlands;1984;3,06167918217261;143912664148,352
Norway;1984;6,05240316534181;62057955032,7758
Poland;1984;NA;NA
Portugal;1984;-1,87997908934653;25217969049,5755
Romania;1984;NA;NA
Russia;1984;NA;NA
San Marino;1984;NA;NA
Serbia;1984;NA;NA
Serbia and Montenegro;1984;NA;NA
Slovakia;1984;NA;NA
Slovenia;1984;NA;NA
Spain;1984;1,78468758048753;172102910370,524
Sweden;1984;4,22953524491705;109201362581,3
Switzerland;1984;3,00845627492943;106285277269,439
Turkey;1984;6,71201571206008;59989909457,8379
Ukraine;1984;NA;NA
United Kingdom;1984;2,2691050845774;461487097632,349
Yugoslavia;1984;NA;NA
Albania;1985;1,78064395977269;1897050133,42015
Andorra;1985;2,32143303219976;346737964,774951
Armenia;1985;NA;NA
Australia;1985;5,24932960928453;180235483623,533
Austria;1985;2,49867849748429;69386774408,0872
Azerbaijan;1985;NA;NA
Belarus;1985;NA;NA
Belgium;1985;1,6517928990972;86268264148,3796
Bosnia and Herzegovina;1985;NA;NA
Bulgaria;1985;2,68344073997304;17155421052,6316
Croatia;1985;NA;NA
Cyprus;1985;4,88254077196271;2430411900,19194
Czech Republic;1985;NA;NA
Denmark;1985;4,00375181515933;62658568287,3429
Estonia;1985;NA;NA
Finland;1985;3,54889658723026;55875863392,1719
France;1985;1,62278136715794;553138414367,061
Georgia;1985;4,9416554196843;NA
Germany;1985;2,32793526226367;732534887058,198
Greece;1985;2,50955661505074;47820851221,3175
Hungary;1985;NA;NA
Iceland;1985;3,29284135948407;2988537813,46594
Ireland;1985;3,08561450201421;21295485966,5195
Israel;1985;4,03694010297161;27600861820,341
Italy;1985;2,79808576720868;452217492140,757
Latvia;1985;NA;NA
Lithuania;1985;NA;NA
Luxembourg;1985;2,79170714922567;4738559684,76119
Macedonia;1985;NA;NA
Malta;1985;2,58527966638221;1117835285,50512
Moldova;1985;NA;NA
Monaco;1985;1,70869968395459;1082851076,52158
Montenegro;1985;NA;NA
Morocco;1985;6,00765207156169;14991283215,7408
Netherlands;1985;2,58017977050262;143845822717,622
Norway;1985;5,55335896373643;65416879914,3907
Poland;1985;NA;NA
Portugal;1985;2,80743885129478;27115807742,0873
Romania;1985;NA;NA
Russia;1985;NA;NA
San Marino;1985;NA;NA
Serbia;1985;NA;NA
Serbia and Montenegro;1985;NA;NA
Slovakia;1985;NA;NA
Slovenia;1985;NA;NA
Spain;1985;2,32143575836614;180793463796,477
Sweden;1985;2,16037374565585;114123537581,794
Switzerland;1985;3,67359608868583;107766112083,35
Turkey;1985;4,24133571639945;67234948264,5987
Ukraine;1985;NA;NA
United Kingdom;1985;4,14741507693289;489285164271,047
Yugoslavia;1985;NA;NA
Albania;1986;5,63724317825185;2097326250
Andorra;1986;3,25332177830622;482000594,03588
Armenia;1986;NA;NA
Australia;1986;4,03752885052448;182036933407,946
Austria;1986;2,3013932119724;99036164939,1618
Azerbaijan;1986;NA;NA
Belarus;1986;NA;NA
Belgium;1986;1,82276183101794;120018787249,413
Bosnia and Herzegovina;1986;NA;NA
Bulgaria;1986;4,2076020043413;20249294117,6471
Croatia;1986;NA;NA
Cyprus;1986;3,70395028952957;3090734463,27684
Czech Republic;1986;NA;NA
Denmark;1986;4,90417835499042;88078760103,8191
Estonia;1986;NA;NA
Finland;1986;2,75563345861494;73531550551,255
France;1986;2,33727634979969;771470783218,108
Georgia;1986;-8,17527589257097;NA
Germany;1986;2,28733922127036;1046259374943,71
Greece;1986;0,517660267704301;56379593476,1441
Hungary;1986;NA;NA
Iceland;1986;6,2705419896496;3995619693,36467
Ireland;1986;-0,428329672726051;28748959304,7902
Israel;1986;4,19014464559193;34216514316,4404
Italy;1986;2,85997186384608;640386352773,087
Latvia;1986;NA;NA
Lithuania;1986;NA;NA
Luxembourg;1986;9,98392901261671;6921264222,50316
Macedonia;1986;NA;NA
Malta;1986;3,88519000696459;1435079200,34957
Moldova;1986;NA;NA
Monaco;1986;2,45236468239041;1515209588,2378
Montenegro;1986;NA;NA
Morocco;1986;9,27110576947608;19462175321,8224
Netherlands;1986;2,7869757369202;200862095700,666
Norway;1986;4,04225262081309;78693253275,995
Poland;1986;NA;NA
Portugal;1986;4,14095567971992;38745901353,7059
Romania;1986;NA;NA
Russia;1986;NA;NA
San Marino;1986;NA;NA
Serbia;1986;NA;NA
Serbia and Montenegro;1986;NA;NA
Slovakia;1986;NA;NA
Slovenia;1986;NA;NA
Spain;1986;3,25332184173544;251321075204,942
Sweden;1986;2,69132317338637;150498057723,623
Switzerland;1986;1,8586327699405;154482373116,905
Turkey;1986;7,01203111054399;75728009962,7878
Ukraine;1986;NA;NA
United Kingdom;1986;3,15034053587446;601452653180,885
Yugoslavia;1986;NA;NA
Albania;1987;-0,787842655012938;2080796250
Andorra;1987;5,54712217053779;611316399,407088
Armenia;1987;NA;NA
Australia;1987;2,55117045885154;189061672842,774
Austria;1987;1,35716806415441;124168442533,74
Azerbaijan;1987;NA;NA
Belarus;1987;NA;NA
Belgium;1987;2,30665956583917;149394404105,889
Bosnia and Herzegovina;1987;NA;NA
Bulgaria;1987;6,05451383876874;2,8101e+10
Croatia;1987;NA;NA
Cyprus;1987;7,06525081210985;3704813885,50548
Czech Republic;1987;NA;NA
Denmark;1987;0,254266314633725;109414423928,775
Estonia;1987;NA;NA
Finland;1987;3,57482613830207;91594751792,2359
France;1987;2,56190033450119;934173305685,911
Georgia;1987;1,28204284825986;NA
Germany;1987;1,40215162742055;1298176105549,51
Greece;1987;-2,25886342148172;65652750377,4535
Hungary;1987;NA;NA
Iceland;1987;8,54593971299578;5528616187,31449
Ireland;1987;4,66309057038006;33961141151,6854
Israel;1987;7,13971136005674;41106183368,8699
Italy;1987;3,19196062848015;805713128174,485
Latvia;1987;NA;NA
Lithuania;1987;NA;NA
Luxembourg;1987;3,9509822638087;8614215018,9087
Macedonia;1987;NA;NA
Malta;1987;4,11051445185961;1751247763,41948
Moldova;1987;NA;NA
Monaco;1987;2,48457417152692;1839095595,25655
Montenegro;1987;NA;NA
Morocco;1987;-0,325004075718994;21765261041,7265
Netherlands;1987;1,93124868495423;245046310922,541
Norway;1987;1,75340078899657;94230055658,6271
Poland;1987;NA;NA
Portugal;1987;6,38139413490335;48182925857,4071
Romania;1987;NA;38413636363,6364
Russia;1987;NA;NA
San Marino;1987;NA;NA
Serbia;1987;NA;NA
Serbia and Montenegro;1987;NA;NA
Slovakia;1987;NA;NA
Slovenia;1987;NA;NA
Spain;1987;5,54712251525866;318747935588,196
Sweden;1987;3,35384298424782;183009638350,893
Switzerland;1987;1,58547821504646;193466104479,614
Turkey;1987;9,48553884246731;87172789528,3316
Ukraine;1987;NA;64087694038,2333
United Kingdom;1987;5,39273836588518;745162608269,325
Yugoslavia;1987;NA;NA
Albania;1988;-1,42003965482249;2051236250
Andorra;1988;5,09432620323258;721425939,15155
Armenia;1988;NA;NA
Australia;1988;5,74338158549649;235658469150,175
Austria;1988;3,29587989843014;133339397080,129
Azerbaijan;1988;NA;NA
Belarus;1988;NA;NA
Belgium;1988;4,72320888032857;162299103675,261
Bosnia and Herzegovina;1988;NA;NA
Bulgaria;1988;10,9446920641534;22555941176,4706
Croatia;1988;NA;NA
Cyprus;1988;8,64677784552383;4278792597,23965
Czech Republic;1988;NA;NA
Denmark;1988;-0,0136012052800965;115552846616,653
Estonia;1988;NA;NA
Finland;1988;5,21715032265726;109058990760,483
France;1988;4,74314219356484;1018847043277,17
Georgia;1988;5,55555807916308;NA
Germany;1988;3,70723565949591;1401233225303,49
Greece;1988;4,2878614908;76261277924,5736
Hungary;1988;NA;NA
Iceland;1988;-0,0897260551564756;6115814943,97173
Ireland;1988;5,21741440872275;37818133173,3653
Israel;1988;2,91001620640323;50274157858,5277
Italy;1988;4,19437730753005;891608957155,608
Latvia;1988;NA;NA
Lithuania;1988;NA;NA
Luxembourg;1988;8,46328403957857;9750161272,62754
Macedonia;1988;NA;NA
Malta;1988;8,41423629573987;2019474244,19359
Moldova;1988;NA;NA
Monaco;1988;4,59860147372071;2000674667,08261
Montenegro;1988;NA;NA
Morocco;1988;11,8752359788077;25705296183,5037
Netherlands;1988;3,44121886129396;261910508417,884
Norway;1988;-0,255347257779377;101900260856,222
Poland;1988;NA;NA
Portugal;1988;7,4891082892814;56347250696,3788
Romania;1988;NA;40809523809,5238
Russia;1988;NA;554713455149,502
San Marino;1988;NA;NA
Serbia;1988;NA;NA
Serbia and Montenegro;1988;NA;NA
Slovakia;1988;NA;NA
Slovenia;1988;NA;NA
Spain;1988;5,09432429766936;376160409941,437
Sweden;1988;2,55903866544574;206986674500,588
Switzerland;1988;3,27759619773865;209298156905,624
Turkey;1988;2,3207367939484;90852814004,9917
Ukraine;1988;2,56646327002075;74703517902,6642
United Kingdom;1988;5,73241364589943;910122732123,799
Yugoslavia;1988;NA;NA
Albania;1989;9,83654897047623;2253090000
Andorra;1989;4,82703424406891;795449332,396346
Armenia;1989;NA;NA
Australia;1989;3,86117351615441;299272046250,305
Austria;1989;3,88707481782052;133105805512,22
Azerbaijan;1989;NA;NA
Belarus;1989;NA;NA
Belgium;1989;3,46916698368338;164221056511,057
Bosnia and Herzegovina;1989;NA;NA
Bulgaria;1989;-3,28988206795439;21988444444,4444
Croatia;1989;NA;NA
Cyprus;1989;7,94742553104604;4563482603,5503
Czech Republic;1989;NA;NA
Denmark;1989;0,645187431976638;112409222182,704
Estonia;1989;NA;NA
Finland;1989;5,08714367418199;119012054870,445
France;1989;4,34386106267613;1025211803413,53
Georgia;1989;-7,19520189572219;NA
Germany;1989;3,89655169214447;1398967436804,33
Greece;1989;3,79999977814285;79169043222,8284
Hungary;1989;NA;NA
Iceland;1989;0,258439859634535;5681096090,93682
Ireland;1989;5,81391876791683;39285384529,5234
Israel;1989;0,574746763584088;50076054059,6953
Italy;1989;3,38838345408922;928661332204,347
Latvia;1989;NA;NA
Lithuania;1989;NA;NA
Luxembourg;1989;9,79805866965337;10391504914,0049
Macedonia;1989;NA;NA
Malta;1989;8,17910558124018;2118574772,11136
Moldova;1989;NA;NA
Monaco;1989;4,16365930906815;2010116851,20284
Montenegro;1989;NA;NA
Morocco;1989;2,84620258129334;26314220188,0257
Netherlands;1989;4,42011789608519;258336705808,999
Norway;1989;1,03828996935131;102633789557,535
Poland;1989;NA;NA
Portugal;1989;6,44063924027603;60594092182,3275
Romania;1989;NA;42105263157,8947
Russia;1989;NA;506500173960,269
San Marino;1989;NA;NA
Serbia;1989;NA;NA
Serbia and Montenegro;1989;NA;NA
Slovakia;1989;NA;NA
Slovenia;1989;NA;NA
Spain;1989;4,82703031232241;414757056921,996
Sweden;1989;2,65480692720075;217948315624,564
Switzerland;1989;4,33079401651648;202078704077,266
Turkey;1989;0,2902440687796;107143348667,094
Ukraine;1989;3,8731032107064;82709161099,1244
United Kingdom;1989;2,57760269569438;926884816753,927
Yugoslavia;1989;NA;NA
Albania;1990;-9,57564016948643;2028553750
Andorra;1990;3,78138758962959;1029048481,88051
Armenia;1990;NA;2256838858,42714
Australia;1990;3,57099814702293;310781069642,17
Austria;1990;4,34564139947821;166463386179,354
Azerbaijan;1990;NA;8858006035,91566
Belarus;1990;NA;2,165e+10
Belgium;1990;3,13740231557445;205331747947,851
Bosnia and Herzegovina;1990;NA;NA
Bulgaria;1990;-9,11737709653309;20632090909,0909
Croatia;1990;NA;NA
Cyprus;1990;7,40399950603849;5591130217,66965
Czech Republic;1990;NA;40728950704,6176
Denmark;1990;1,4752442765041;138247285815,855
Estonia;1990;NA;NA
Finland;1990;0,670275844289762;141438345513,917
France;1990;2,92393508123074;1269179616913,63
Georgia;1990;-14,7882259000602;7753501867,76095
Germany;1990;5,25500608278011;1771671206875,68
Greece;1990;0;97891092003,4394
Hungary;1990;NA;NA
Iceland;1990;1,16937034688847;6478459743,53079
Ireland;1990;8,46652874988607;49364680213,6251
Israel;1990;7,31519936805334;59217144628,5091
Italy;1990;1,98577494287171;1181222653522,95
Latvia;1990;NA;NA
Lithuania;1990;NA;NA
Luxembourg;1990;5,31993278705365;13229247947,8513
Macedonia;1990;NA;4699646643,10954
Malta;1990;6,29139095831155;2547163582,33149
Moldova;1990;NA;NA
Monaco;1990;2,64345417269378;2481316053,85316
Montenegro;1990;NA;NA
Morocco;1990;3,4118122263138;30180108561,9305
Netherlands;1990;4,18322298634072;318330511920,61
Norway;1990;1,93241982650521;119791683307,507
Poland;1990;NA;65977749036,9844
Portugal;1990;3,95052276325154;78713860216,5659
Romania;1990;NA;38995454545,4545
Russia;1990;-2,9999956422359;516814274021,956
San Marino;1990;NA;NA
Serbia;1990;NA;NA
Serbia and Montenegro;1990;NA;NA
Slovakia;1990;NA;12747380650,0762
Slovenia;1990;NA;18198199152,5424
Spain;1990;3,78139337826686;536558591250,408
Sweden;1990;0,754674768666845;261846194498,885
Switzerland;1990;3,67462567277848;258066552692,197
Turkey;1990;9,26614667149323;150676291094,21
Ukraine;1990;-6,3452351284913;81456918678,5008
United Kingdom;1990;0,733755502200452;1093169389204,55
Yugoslavia;1990;NA;NA
Albania;1991;-28,002141656046;1099559027,77778
Andorra;1991;2,54600287187591;1106928582,86629
Armenia;1991;-11,6999984830362;2068526521,90299
Australia;1991;-0,397817699614905;325315909269,288
Austria;1991;3,44162777669459;173794177961,108
Azerbaijan;1991;-0,700000182726626;8792365810,5094
Belarus;1991;-1,19999556980412;1,8e+10
Belgium;1991;1,83307427728701;210510999409,333
Bosnia and Herzegovina;1991;NA;NA
Bulgaria;1991;-8,44535517671254;10943548387,0968
Croatia;1991;NA;NA
Cyprus;1991;0,739501202599513;5770197348,48485
Czech Republic;1991;-11,6149423314776;29859921158,8696
Denmark;1991;1,39363399746793;139224688814,195
Estonia;1991;NA;NA
Finland;1991;-5,88632806942667;127773856785,767
France;1991;1,04817584704435;1269276828275,78
Georgia;1991;-21,1000007278933;6357615894,03974
Germany;1991;5,10826152190214;1868945197407,19
Greece;1991;3,10000020465495;105143232379,884
Hungary;1991;NA;34753569692,915
Iceland;1991;-0,223525514689555;6920116566,63214
Ireland;1991;1,92963995759796;49847127646,0895
Israel;1991;7,72611512670143;67793699706,0243
Italy;1991;1,53844755776618;1246220156079,29
Latvia;1991;NA;NA
Lithuania;1991;NA;NA
Luxembourg;1991;8,64418819678005;14321878322,5044
Macedonia;1991;-6,1707676470205;4938775510,20408
Malta;1991;6,25649208213193;2750041434,26295
Moldova;1991;NA;NA
Monaco;1991;1,01512789909873;2480497538,54794
Montenegro;1991;NA;NA
Morocco;1991;7,21608816138237;32285388165,2999
Netherlands;1991;2,43913440834392;327500327675,625
Norway;1991;3,08472139526602;121872464483,487
Poland;1991;-7,01557879623546;85500935934,9901
Portugal;1991;4,36820646267402;89233599278,4792
Romania;1991;-12,9182107304506;28998684210,5263
Russia;1991;-5,04693945126729;517962962962,963
San Marino;1991;NA;NA
Serbia;1991;NA;NA
Serbia and Montenegro;1991;NA;NA
Slovakia;1991;NA;14272201755,4704
Slovenia;1991;-8,90010793013177;13263686956,5217
Spain;1991;2,54600054810226;577166174539,632
Sweden;1991;-1,14597486858065;274229034311,699
Switzerland;1991;-0,915816517441442;261113787308,229
Turkey;1991;0,720279035610048;150027833333,333
Ukraine;1991;-8,4106438886714;77464561149,5103
United Kingdom;1991;-1,1031216255778;1142797178130,51
Yugoslavia;1991;NA;NA
Albania;1992;-7,18711091636951;652174990,837304
Andorra;1992;0,929211956288995;1210013651,87713
Armenia;1992;-41,8000027457562;1272577456,12712
Australia;1992;0,41218470060933;324884257479,043
Austria;1992;2,09352461709183;195078126721,763
Azerbaijan;1992;-22,6000000456313;4991350457,5425
Belarus;1992;-9,60000139597707;17037037037,037
Belgium;1992;1,53065494385902;234781652446,675
Bosnia and Herzegovina;1992;NA;NA
Bulgaria;1992;-7,2723879985458;10350515463,9175
Croatia;1992;NA;NA
Cyprus;1992;9,39999901631703;6912150456,32334
Czech Republic;1992;-0,506542369615516;34805013229,572
Denmark;1992;1,95700671183856;152915654478,885
Estonia;1992;NA;NA
Finland;1992;-3,29466006575714;112532519246,084
France;1992;1,59934267687127;1401465923172,24
Georgia;1992;-44,8999994565328;3690328963,64086
Germany;1992;1,923076559054;2131571696931,75
Greece;1992;0,70000000474235;116224672863,783
Hungary;1992;-3,06418034584902;38730585922,2189
Iceland;1992;-3,37389409090588;7091625415,53786
Ireland;1992;3,34327389439903;55985504488,8115
Israel;1992;7,75926601148029;75870773860,3554
Italy;1992;0,834275453554895;1320161644933,23
Latvia;1992;NA;NA
Lithuania;1992;NA;NA
Luxembourg;1992;1,81965629412947;16065740276,0351
Macedonia;1992;-6,56519867685854;2436849341,97604
Malta;1992;4,69093243062608;3021910216,71827
Moldova;1992;NA;NA
Monaco;1992;1,36664015291778;2737067001,75938
Montenegro;1992;NA;NA
Morocco;1992;-2,09773876147652;33711069430,78
Netherlands;1992;1,70607089720053;362962872180,451
Norway;1992;3,57439553891901;130838040067,584
Poland;1992;2,51497861151925;94337050693,2727
Portugal;1992;1,08947640831229;107592098307,098
Romania;1992;-8,7672284522824;25121666666,6667
Russia;1992;-14,5310737737734;460290556900,726
San Marino;1992;NA;NA
Serbia;1992;NA;NA
Serbia and Montenegro;1992;NA;NA
Slovakia;1992;NA;15495514296,8042
Slovenia;1992;-5,46369777775708;13101055424,5283
Spain;1992;0,929215548666747;630916018202,503
Sweden;1992;-1,15859276007859;284321115594,629
Switzerland;1992;-0,0437330190328282;271814367088,608
Turkey;1992;5,03563493896803;158459130434,783
Ukraine;1992;-9,69899857994184;73942235330,437
United Kingdom;1992;0,401082063847213;1179659529659,53
Yugoslavia;1992;NA;NA
Albania;1993;9,55941169434753;1185315468,46295
Andorra;1993;-1,0314840109577;1007025755,00065
Armenia;1993;-8,7999987932935;1201313201,01272
Australia;1993;4,02990646050326;311549325463,744
Austria;1993;0,526809203706492;190379720809,18
Azerbaijan;1993;-23,0999993095445;3970953395,51544
Belarus;1993;-7,60000184221087;16280991735,5372
Belgium;1993;-0,961873309776593;224721795708,955
Bosnia and Herzegovina;1993;NA;NA
Bulgaria;1993;-1,48021475855352;10829710144,9275
Croatia;1993;NA;NA
Cyprus;1993;0,700000488145378;6590291048,29211
Czech Republic;1993;0,0619042687638398;40866748705,1075
Denmark;1993;0,0106876308268369;143195627014,605
Estonia;1993;NA;4006983328,923
Finland;1993;-0,661998030419085;89214114708,0254
France;1993;-0,628666351905437;1322815612694
Georgia;1993;-29,3000019726578;2701181331,30816
Germany;1993;-0,976849818160517;2071323790370,28
Greece;1993;-1,60000009687886;108809059155,767
Hungary;1993;-0,576108516775179;40124916940,5945
Iceland;1993;1,3134493920417;6227928899,81539
Ireland;1993;2,69260867693511;52480251191,9991
Israel;1993;4,11675635345318;76250990071,0222
Italy;1993;-0,852805763831867;1064958075550,63
Latvia;1993;NA;NA
Lithuania;1993;NA;NA
Luxembourg;1993;4,20064754425511;16486900652,9851
Macedonia;1993;-7,46927131858557;2682456896,55172
Malta;1993;4,48074935883729;2709178326,78271
Moldova;1993;NA;NA
Monaco;1993;-0,913917519098277;2574440022,97964
Montenegro;1993;NA;NA
Morocco;1993;-0,740591692022178;31655473663,8348
Netherlands;1993;1,25755215783573;353550169672,52
Norway;1993;2,84532436675762;120579072750,596
Poland;1993;3,73831030820928;96045645026,178
Portugal;1993;-2,04327653157694;95009751901,2592
Romania;1993;1,52883449664077;26362894736,8421
Russia;1993;-8,66854034149263;435083713850,837
San Marino;1993;NA;NA
Serbia;1993;NA;NA
Serbia and Montenegro;1993;NA;NA
Slovakia;1993;1,90132700913716;16520676973,5301
Slovenia;1993;2,8434193136729;13258920634,9206
Spain;1993;-1,03149186343941;525075636030,854
Sweden;1993;-2,06561636960983;212953336588,123
Switzerland;1993;-0,125983574259308;264353008256,632
Turkey;1993;7,65126520301509;180169736363,636
Ukraine;1993;-14,2261068823113;65648559903,0571
United Kingdom;1993;2,48983097485453;1061388722255,55
Yugoslavia;1993;NA;NA
Albania;1994;8,30286659112861;1880951520,3972
Andorra;1994;2,38318769098808;1017549124,33238
Armenia;1994;5,40000277917656;1315158670,28285
Australia;1994;3,98389015293171;322213766862,677
Austria;1994;2,40211907379886;203535242741,838
Azerbaijan;1994;-19,7000007224173;3313939553,5418
Belarus;1994;-11,7000038975536;14932024169,1843
Belgium;1994;3,22697152488935;244884129491,198
Bosnia and Herzegovina;1994;NA;1255802469,1358
Bulgaria;1994;1,81801119768079;9697416974,16974
Croatia;1994;NA;NA
Cyprus;1994;5,89999870094493;7425703928,57143
Czech Republic;1994;2,90930943320329;47850203856,1751
Denmark;1994;5,33246271155308;156162386724,523
Estonia;1994;-1,6424213048235;4116734613,10113
Finland;1994;3,96305242370121;103299943084,804
France;1994;2,35834218111899;1393982750472,59
Georgia;1994;-10,3999939717277;2513870586,73344
Germany;1994;2,39189207051331;2205074123177,05
Greece;1994;1,99999982223559;116601801966,292
Hungary;1994;2,94715455833949;43166678735,2183
Iceland;1994;3,60885795149595;6399064571,28805
Ireland;1994;5,75582782660278;57166035335,689
Israel;1994;7,42784525298399;86643876656,3714
Italy;1994;2,15102363802566;1099216688280,5
Latvia;1994;NA;NA
Lithuania;1994;NA;NA
Luxembourg;1994;3,82091866137451;18325790933,2047
Macedonia;1994;-1,75816618126913;3556581986,14319
Malta;1994;5,65110473736064;2998570146,54095
Moldova;1994;NA;NA
Monaco;1994;2,21562341135819;2720297793,28662
Montenegro;1994;NA;NA
Morocco;1994;10,5880004006168;35604137422,5796
Netherlands;1994;2,96109256914634;379130260322,073
Norway;1994;5,05542738771337;127131461119,927
Poland;1994;5,29280205842002;110803391516,698
Portugal;1994;0,964837925343673;99688641304,3478
Romania;1994;3,93194272962506;30074440483,3837
Russia;1994;-12,5697559797978;395077301248,464
San Marino;1994;NA;NA
Serbia;1994;NA;NA
Serbia and Montenegro;1994;NA;NA
Slovakia;1994;6,20552967875099;20162936291,375
Slovenia;1994;5,32748574261765;15049620465,1163
Spain;1994;2,38319539651248;530562634455,347
Sweden;1994;3,92997283681697;229033566614,826
Switzerland;1994;1,26975768793037;292646657892,813
Turkey;1994;-4,66814736394838;130690172297,297
Ukraine;1994;-22,9340455357513;52549555149,1978
United Kingdom;1994;3,84600913053607;1140489745944,29
Yugoslavia;1994;NA;NA
Albania;1995;13,3223333200803;2392764853,42107
Andorra;1995;2,75749918732981;1178738991,19295
Armenia;1995;6,89999841973659;1468317350,06841
Australia;1995;3,837755292963;367216364716,365
Austria;1995;2,66798353089548;241038283062,645
Azerbaijan;1995;-11,7999997319416;3052467522,36104
Belarus;1995;-10,4000004914994;13972676840,918
Belgium;1995;2,38475727961249;288025588396,278
Bosnia and Herzegovina;1995;20,7999983991834;1866572953,73665
Bulgaria;1995;2,8550510546256;18983303571,4286
Croatia;1995;NA;22534323220,0266
Cyprus;1995;8,36246930466569;9933133247,08926
Czech Republic;1995;6,50081352909872;60147174076,8651
Denmark;1995;3,0275872672533;185006881515,065
Estonia;1995;4,5266785598991;4497823760,81825
Finland;1995;4,21686746987953;134189814814,815
France;1995;2,10669525325974;1601094756209,75
Georgia;1995;2,59999672433722;2693731865,97036
Germany;1995;1,54414649556445;2585792275146,72
Greece;1995;2,0997198850111;136878365936,167
Hungary;1995;1,48952547509282;46425677734,1435
Iceland;1995;0,116583692968035;7134341221,51683
Ireland;1995;9,63442181333134;69222625000
Israel;1995;10,6888486037478;100384808554,445
Italy;1995;2,88683675924553;1174662070605,02
Latvia;1995;NA;5785775812,89218
Lithuania;1995;NA;7867140395,33705
Luxembourg;1995;1,43220058790506;21588170498,0843
Macedonia;1995;-1,11472769414412;4680078740,15748
Malta;1995;6,34249318337498;3720400496,11451
Moldova;1995;NA;1752979926,41489
Monaco;1995;2,11715231125696;3130270895,13587
Montenegro;1995;NA;NA
Morocco;1995;-5,40544786715996;39030285468,3841
Netherlands;1995;3,11603598565915;452301674444,139
Norway;1995;4,15549133419204;152029612324,788
Poland;1995;7,10286553810295;142292783505,155
Portugal;1995;4,28278045950353;118122007430,012
Romania;1995;6,23351148371351;37435317265,1254
Russia;1995;-4,14352840564905;395537185734,854
San Marino;1995;NA;NA
Serbia;1995;NA;16832598870,0565
Serbia and Montenegro;1995;NA;NA
Slovakia;1995;5,84349598957452;25840146405,2288
Slovenia;1995;4,10715835567802;21352224019,4096
Spain;1995;2,75749399442464;614609020549,773
Sweden;1995;3,93519292606446;267305875261,099
Switzerland;1995;0,480866508886393;342617007188,161
Turkey;1995;7,87826687618991;169485941048,035
Ukraine;1995;-12,2000000224324;48213868178,0873
United Kingdom;1995;2,53167003665999;1341584345905
Yugoslavia;1995;NA;NA
Albania;1996;9,09999944360231;3199642579,96974
Andorra;1996;4,64974014875021;1223945356,62682
Armenia;1996;5,86540074943565;1596968913,27897
Australia;1996;3,87858529337824;400302731411,229
Austria;1996;2,34953385169727;237250948791,266
Azerbaijan;1996;1,29999946501567;3176703092,30412
Belarus;1996;2,80000465053934;14756846153,8462
Belgium;1996;1,32145093041325;279201433224,756
Bosnia and Herzegovina;1996;88,9576668151009;2786045321,63743
Bulgaria;1996;5,13891551042298;12294221472,7375
Croatia;1996;5,90533971044781;23846442648,9653
Cyprus;1996;1,24858157644654;10011918444,1656
Czech Republic;1996;4,26541664546846;67387788632,9812
Denmark;1996;2,90009976874006;187632346387,984
Estonia;1996;4,93597295875719;4780170373,2605
Finland;1996;3,66717982978477;132129174216,93
France;1996;1,41299367250002;1605675086549,56
Georgia;1996;11,2000020075437;3094935186,76896
Germany;1996;0,80582289149001;2497244606186,64
Greece;1996;2,86212937469028;145861612400,906
Hungary;1996;0,0824118000692522;46658755151,6017
Iceland;1996;4,5731637764368;7438183248,1203
Ireland;1996;7,41422951086483;75880630040,3226
Israel;1996;5,03281706744612;109995847354,075
Italy;1996;1,26678480191715;1312426527795,21
Latvia;1996;2,56942619726121;5969114344,05309
Lithuania;1996;5,15846431747072;8382519637,46224
Luxembourg;1996;1,38843119041294;21776609771,987
Macedonia;1996;1,18510388873231;4651453634,08521
Malta;1996;3,77733576158326;3822882839,29297
Moldova;1996;-5,87706020516869;1695122173,91304
Monaco;1996;1,11073000156865;3137848801,03606
Montenegro;1996;NA;NA
Morocco;1996;12,3728762760077;43161452678,4383
Netherlands;1996;3,49874212057929;450490196078,431
Norway;1996;5,02794717187143;163520109150,671
Poland;1996;6,11538070947437;160193242090,427
Portugal;1996;3,50424706916527;122630089680,27
Romania;1996;3,90770208816159;36937074278,3004
Russia;1996;-3,75506943900625;391724890744,498
San Marino;1996;NA;NA
Serbia;1996;6,26408264292986;21818007448,7896
Serbia and Montenegro;1996;NA;NA
Slovakia;1996;6,61989535710377;27925036755,3866
Slovenia;1996;3,20300580852732;21507232648,7252
Spain;1996;2,66052445272342;642588992512,807
Sweden;1996;1,57945640649923;291743811512,079
Switzerland;1996;0,540027567700633;330091688511,327
Turkey;1996;7,37966447375686;181475555282,555
Ukraine;1996;-9,99999997528151;44558077827,135
United Kingdom;1996;2,49153317975488;1415358814352,57
Yugoslavia;1996;NA;NA
Albania;1997;-10,9199840851035;2258515610,08862
Andorra;1997;9,06767219910549;1180597272,72727
Armenia;1997;3,32107970046953;1639492424,36472
Australia;1997;3,96653766174953;434568007512,913
Austria;1997;2,09359938952392;212790348404,555
Azerbaijan;1997;5,80000001232963;3962735257,21455
Belarus;1997;11,4000054053548;14128408565,7064
Belgium;1997;3,79365762950188;252708051420,839
Bosnia and Herzegovina;1997;34,3895738165259;3671816504,23851
Bulgaria;1997;-14,1928148094582;11315986087,1633
Croatia;1997;6,20334158309859;23869243597,654
Cyprus;1997;2,64089463952175;9547818700,11403
Czech Republic;1997;-0,518331043362068;62180159376,1239
Denmark;1997;3,26089015774798;173537647058,824
Estonia;1997;13,0465340363945;5147710775,4734
Finland;1997;6,33379565418399;126912152101,707
France;1997;2,33629652937944;1452884917959,09
Georgia;1997;10,5190412217837;3510520231,21387
Germany;1997;1,79216082094591;2211989623279,95
Greece;1997;4,48419894307625;143157600149,757
Hungary;1997;3,14312906155838;47296952928,7561
Iceland;1997;5,76047517520458;7580988980,92217
Ireland;1997;10,9037303710277;82826141356,256
Israel;1997;3,92967264369386;114692616976,866
Italy;1997;1,83021223388438;1241879604365,62
Latvia;1997;8,86359689887645;6521609000,72587
Lithuania;1997;8,31092156187248;10118631851,5322
Luxembourg;1997;5,70971540805283;19731912494,3617
Macedonia;1997;1,43998133659125;3928975903,61446
Malta;1997;5,2569801449754;3793418472,20321
Moldova;1997;1,64706450310676;1930081168,83117
Monaco;1997;2,2372487537137;2840182220,99117
Montenegro;1997;NA;NA
Morocco;1997;-1,56070235606454;39147844526,0838
Netherlands;1997;4,3290534045255;416812740004,518
Norway;1997;5,28459298480296;161356631888,484
Poland;1997;6,4490598348722;159357789772,207
Portugal;1997;4,40086775381248;117016535162,95
Romania;1997;-4,8490627379703;35574916294,6429
Russia;1997;1,39991580461016;404928954191,876
San Marino;1997;NA;NA
Serbia;1997;7,2073798394178;25676487999,5941
Serbia and Montenegro;1997;NA;NA
Slovakia;1997;5,92583855727595;27706028095,6157
Slovenia;1997;5,04979345664498;20763101740,6963
Spain;1997;3,70258028536841;590077272727,273
Sweden;1997;3,07052659296374;268146144677,73
Switzerland;1997;2,34014983408737;286519135258,044
Turkey;1997;7,57766364407608;189834649111,257
Ukraine;1997;-3,00000002693905;50150399791,647
United Kingdom;1997;3,85482999120725;1559078258022,27
Yugoslavia;1997;NA;NA
Albania;1998;8,83008770869769;2545967253,2416
Andorra;1998;3,19479029605816;1211932397,81713
Armenia;1998;7,29999998770998;1893726437,26462
Australia;1998;4,57668875918884;398899138574,239
Austria;1998;3,58142581460447;218259904401,956
Azerbaijan;1998;10,0000011653707;4446370371,15023
Belarus;1998;8,39999142031991;15222012660,4232
Belgium;1998;1,96180827198427;258528339631,029
Bosnia and Herzegovina;1998;15,5999968203633;4116699437,4041
Bulgaria;1998;4,28528182196033;15030695296,5235
Croatia;1998;2,2907627879565;25562674678,2302
Cyprus;1998;6,11084674642566;10248617647,0588
Czech Republic;1998;-0,356566596194511;66807429711,411
Denmark;1998;2,21815874223761;176991934992,837
Estonia;1998;4,33030087819655;5665917232,17266
Finland;1998;5,45718050065875;134038718291,055
France;1998;3,58865942535427;1503108739159,44
Georgia;1998;3,10490271777833;3613498174,54701
Germany;1998;2,01393278519326;2238990774702,68
Greece;1998;3,89490483653334;144428172489,335
Hungary;1998;3,89999839455832;48706787306,2574
Iceland;1998;7,09556058268461;8494094897,98938
Ireland;1998;8,69134293123761;90082052259,7286
Israel;1998;3,91689352399681;115932846767,19
Italy;1998;1,81061516197623;1270052525928,4
Latvia;1998;6,34079318561842;7159169546,05028
Lithuania;1998;7,47575872433057;11239547690,9797
Luxembourg;1998;6,04465261548125;20209122027,1171
Macedonia;1998;3,37873564718296;3756208791,20879
Malta;1998;5,12560123053581;4010571271,3657
Moldova;1998;-6,54219202309288;1698717504,65549
Monaco;1998;3,50326658904474;2934578821,10938
Montenegro;1998;4,90000671330235;NA
Morocco;1998;7,23855268965383;41806219378,6181
Netherlands;1998;4,66391716015247;438008220395,468
Norway;1998;2,62442622196583;154163364302,66
Poland;1998;4,64063436855272;174685791563,561
Portugal;1998;4,80796297573329;123946327916,296
Romania;1998;-2,02981290571721;41694118972,5101
Russia;1998;-5,29996162531226;270955486862,442
San Marino;1998;7,4656188605108;NA
Serbia;1998;3,3408773579261;19457979423,376
Serbia and Montenegro;1998;4,12044203561423;NA
Slovakia;1998;4,07609633371622;29856000671,216
Slovenia;1998;3,27936544351304;22146231967,6861
Spain;1998;4,39303735124493;619214834614,099
Sweden;1998;4,31183635326269;270809066780,714
Switzerland;1998;2,98989180179569;295045151745,068
Turkey;1998;2,40415026014556;275967393984,833
Ukraine;1998;-1,89999998314991;41883241471,7365
United Kingdom;1998;3,64485339579952;1650172242464,39
Yugoslavia;1998;5,88220182461226;NA
Albania;1999;12,8898967331889;3212119044,17089
Andorra;1999;4,09908083663429;1239876305,13531
Armenia;1999;3,30000000058166;1845482181,44801
Australia;1999;5,07359909510564;388608221581,652
Austria;1999;3,55633124664169;217185787342,851
Azerbaijan;1999;7,39999958682314;4581246713,32066
Belarus;1999;3,39999916322964;12138486532,0203
Belgium;1999;3,54274346363066;258158533986,789
Bosnia and Herzegovina;1999;9,59999969554963;4685733115,46841
Bulgaria;1999;-8,28101741381641;13627323284,5405
Croatia;1999;-0,948053454816005;23457038980,352
Cyprus;1999;4,99796042248005;10497908306,3646
Czech Republic;1999;1,38414894342924;65173130995,2212
Denmark;1999;2,94802216063901;177965188354,692
Estonia;1999;-0,403432950234276;5762048551,95911
Finland;1999;4,37957572274557;135218410398,466
France;1999;3,42137379882455;1492647560196,04
Georgia;1999;2,86925704427721;2800026339,12617
Germany;1999;1,88726115399444;2194204133816,32
Greece;1999;3,0725963299848;142540728744,939
Hungary;1999;3,0710298892064;49073380173,7159
Iceland;1999;4,04305007445554;8971608730,45387
Ireland;1999;10,5035602957758;98692079693,16
Israel;1999;3,11459706919175;117111535135,396
Italy;1999;1,6257275993546;1252023758789,69
Latvia;1999;2,74104438910037;7525408359,35623
Lithuania;1999;-1,14157115625557;10971583944,7561
Luxembourg;1999;8,48099983754646;22235929043,2559
Macedonia;1999;4,33902791307588;3863743409,49033
Malta;1999;4,71997488242211;4121350758,88841
Moldova;1999;-3,36825452918943;1170782957,37443
Monaco;1999;3,30054283439939;2906009307,6651
Montenegro;1999;-9,40000140664895;NA
Morocco;1999;1,08133256173805;41632027599,8531
Netherlands;1999;5,03404815181835;446898572341,786
Norway;1999;2,01286328876013;162284465073,341
Poland;1999;4,65482665906518;170031005016,259
Portugal;1999;3,90657744002579;127427343916,471
Romania;1999;-0,376660705758994;35952781582,2083
Russia;1999;6,39991468973531;195907128350,934
San Marino;1999;9,04936014625228;1109098657,57511
Serbia;1999;-9,4241616060844;19388663551,0012
Serbia and Montenegro;1999;-9,41208150636668;NA
Slovakia;1999;-0,105914263197832;30453383763,0514
Slovenia;1999;5,3326665718437;22711384311,1404
Spain;1999;4,49049131553554;634693160025,57
Sweden;1999;4,24718414367548;274072182416,731
Switzerland;1999;1,69471982455498;289912492344,561
Turkey;1999;-3,26316841366706;256385525189,99
Ukraine;1999;-0,199999995369666;31580639045,454
United Kingdom;1999;3,42822332767811;1682399288141,08
Yugoslavia;1999;-0,967910040031205;NA
Albania;2000;6,95003613422918;3480355188,60063
Andorra;2000;3,52836129711103;1429049198,45218
Armenia;2000;5,90000000312092;1911563665,39006
Australia;2000;3,93313694470206;415222633925,768
Austria;2000;3,37572214708479;196799778883,361
Azerbaijan;2000;11,0999995034959;5272617196,04517
Belarus;2000;5,80000344007455;12736856827,9847
Belgium;2000;3,71667938420875;236204532891,1
Bosnia and Herzegovina;2000;5,50000050587651;5505887894,48893
Bulgaria;2000;4,78204352345534;13245833843,5454
Croatia;2000;2,86174684295204;21633671680,8738
Cyprus;2000;5,96531031488554;9985844486,33365
Czech Republic;2000;4,00102863502944;61828166496,0941
Denmark;2000;3,74686259540198;164158739097,623
Estonia;2000;10,1065182988335;5694069842,43988
Finland;2000;5,7733624584817;125706651925,557
France;2000;3,92366922704063;1362248940482,77
Georgia;2000;1,83834106614221;3057475288,78105
Germany;2000;2,91250296366708;1943145384190,16
Greece;2000;3,91977070727938;130133845586,88
Hungary;2000;4,47919119279798;47218405892,4258
Iceland;2000;4,89159327722459;9003639602,62542
Ireland;2000;9,44575065685909;99852958356,3663
Israel;2000;7,45518218558496;132343042699,826
Italy;2000;3,78695514323979;1143829832319,88
Latvia;2000;5,67197491547509;7949253765,93279
Lithuania;2000;3,69552542107776;11524776866,6379
Luxembourg;2000;8,23980205975829;21263514833,2412
Macedonia;2000;4,54913578288874;3772851420,24763
Malta;2000;6,77019391099778;4069515556,78692
Moldova;2000;2,10771604754427;1288429391,79951
Monaco;2000;3,91022922578345;2647883815,57966
Montenegro;2000;3,10000018370371;984297589,359934
Morocco;2000;1,91287298063767;38857251336,3448
Netherlands;2000;4,1956424978691;416442786069,652
Norway;2000;3,20497922225218;171247131268,604
Poland;2000;4,56102546838335;172219461126,067
Portugal;2000;3,81617806346979;118310710337,203
Romania;2000;2,4612634592269;37253259016,9976
Russia;2000;10,000066815788;259710142196,943
San Marino;2000;2,17937971500419;1005159388,24397
Serbia;2000;6,13181308953254;6875845986,52121
Serbia and Montenegro;2000;4,61590663661813;NA
Slovakia;2000;1,16652824699739;29169953012,7142
Slovenia;2000;3,67237154968245;20289627636,6767
Spain;2000;5,24599468041613;596877648793,072
Sweden;2000;4,7663488714872;262835454366,855
Switzerland;2000;3,93682353675122;272055499763,145
Turkey;2000;6,93323970849313;274302959127,239
Ukraine;2000;5,89999999908315;31261527363,144
United Kingdom;2000;3,43747162873862;1657816613708,58
Yugoslavia;2000;4,25318643434945;NA
Albania;2001;8,29007002725658;3922099470,97313
Andorra;2001;8,11935772169949;1546926174,49664
Armenia;2001;9,59999999927597;2118467913,37873
Australia;2001;1,93085759225417;378376086723,194
Austria;2001;1,26716818922992;197337879194,631
Azerbaijan;2001;9,90000013022203;5707720390,8515
Belarus;2001;4,72530599387508;12354820143,8849
Belgium;2001;1,09961888777849;236541297539,15
Bosnia and Herzegovina;2001;4,39999928046085;5748993411,42021
Bulgaria;2001;3,81723975210657;14183497963,1071
Croatia;2001;2,95771008343127;23054778851,2787
Cyprus;2001;3,95256054086292;10397897085,6102
Czech Republic;2001;3,04297656257042;67808032979,5429
Denmark;2001;0,823152998014436;164791442543,375
Estonia;2001;5,97959830855058;6259257899,91943
Finland;2001;2,61001912392074;129421029082,774
France;2001;1,98372141863292;1376465324384,79
Georgia;2001;4,80545327255501;3219488663,77231
Germany;2001;1,68146848097079;1944107382550,34
Greece;2001;4,13161241961417;136191353914,989
Hungary;2001;4,07409262355981;53749989092,0197
Iceland;2001;3,89881071371008;8205357404,59802
Ireland;2001;5,27843104724919;109135253691,275
Israel;2001;0,118821351895676;130756336638,372
Italy;2001;1,95137155605238;1167012796420,58
Latvia;2001;6,32281134955647;8351415939,10902
Lithuania;2001;6,52610890248806;12237388001,7264
Luxembourg;2001;2,53197481173196;21272418791,9463
Macedonia;2001;-3,06725662451662;3709637829,94866
Malta;2001;-1,17469665032539;4088368961,75836
Moldova;2001;6,10000041286263;1480673594,05602
Monaco;2001;2,18773253580883;2718868306,01093
Montenegro;2001;1,09984271867472;1159869245,92513
Morocco;2001;7,31996745420717;39459581217,3759
Netherlands;2001;2,32695508699258;431213422818,792
Norway;2001;2,07479039388386;173972218824,027
Poland;2001;1,25847269363186;190905493539,168
Portugal;2001;1,94367229584959;121498889485,459
Romania;2001;5,21813625673708;40394824679,1232
Russia;2001;5,10005122527505;306602070620,5
San Marino;2001;5,57834290401968;1077413479,05282
Serbia;2001;6,87877476506638;12960538723,7591
Serbia and Montenegro;2001;3,98930874187055;NA
Slovakia;2001;3,2537827286625;30752150335,5705
Slovenia;2001;3,21656033452891;20876309970,385
Spain;2001;3,93294884333099;627286800894,855
Sweden;2001;1,44949861796981;242395852494,409
Switzerland;2001;1,31242362626911;278631271628,348
Turkey;2001;-5,75000655700364;201753343273,96
Ukraine;2001;9,20369481559182;37972301334,6736
United Kingdom;2001;2,97436365273566;1640246149417,01
Yugoslavia;2001;3,71057743643243;NA
Albania;2002;4,53996064044722;4348070165,19261
Andorra;2002;4,54636221364653;1755910031,99699
Armenia;2002;13,1999999979356;2376335048,39976
Australia;2002;4,0014040616517;394648911678,527
Austria;2002;1,65155392186669;213377771503,858
Azerbaijan;2002;9,43891634238625;6235856819,58445
Belarus;2002;5,04526748002185;14594249022,8922
Belgium;2002;1,70688458453354;257157820440,429
Bosnia and Herzegovina;2002;5,30000063322882;6651106833,49374
Bulgaria;2002;5,95303440817962;16402846413,0958
Croatia;2002;5,67815670956782;26813968850,5192
Cyprus;2002;3,72295649883057;11420227884,6154
Czech Republic;2002;1,56985532822202;82196001050,7474
Denmark;2002;0,46634557149423;178635163717,431
Estonia;2002;6,80239689817408;7372457379,67411
Finland;2002;1,70714896198065;139738377564,465
France;2002;1,13553148214601;1494286655373,61
Georgia;2002;5,47383680119593;3395728013,84524
Germany;2002;-0,197973834771361;2068624129493,69
Greece;2002;3,92287186165746;153830946734,425
Hungary;2002;4,7412834664994;67608919144,3684
Iceland;2002;0,681171005936406;9294652008,41791
Ireland;2002;5,91981638204682;127949874835,31
Israel;2002;-0,0148605707376106;121123828570,222
Italy;2002;0,253942998968455;1270712309429,7
Latvia;2002;7,08278843335441;9545172805,82083
Lithuania;2002;6,75141457592376;14259781159,0119
Luxembourg;2002;3,81946933291928;23616328816,1114
Macedonia;2002;1,49366547202928;4018365247,44444
Malta;2002;2,56526368373224;4470446352,32569
Moldova;2002;7,79999964149971;1661818168,4226
Monaco;2002;1,02649507922119;2968987019,23077
Montenegro;2002;1,90393392048746;1284685050,52413
Morocco;2002;3,12144965600538;42236836820,6152
Netherlands;2002;0,21727359494956;471613965744,401
Norway;2002;1,44625413960414;195524186477,617
Poland;2002;2,03590350105117;199072058823,529
Portugal;2002;0,770924024291219;134156091661,961
Romania;2002;5,70299165043771;46066101951,2933
Russia;2002;4,69999190873524;345470494417,863
San Marino;2002;0,310800310800303;1168269230,76923
Serbia;2002;6,38040530400453;17120906918,3503
Serbia and Montenegro;2002;4,142169612246;NA
Slovakia;2002;4,50944400102244;35130340673,8189
Slovenia;2002;3,50559805692072;23489890274,3142
Spain;2002;2,73102223160264;705394315829,098
Sweden;2002;2,1969210621746;266849061835,659
Switzerland;2002;0,162612986940559;301416809957,654
Turkey;2002;6,4477220524344;240248965617,668
Ukraine;2002;5,24934061999014;42351593887,2827
United Kingdom;2002;2,3243511221289;1784473920863,31
Yugoslavia;2002;4,55361892484187;NA
Albania;2003;5,5300507779332;5611492282,86582
Andorra;2003;8,69420371612468;2361726862,30248
Armenia;2003;14,0000000015501;2807061008,69084
Australia;2003;2,98593432165801;466488060570,763
Austria;2003;0,941470920725337;261695778781,038
Azerbaijan;2003;10,2083000110732;7276013031,96905
Belarus;2003;7,04319255874692;17827791321,3067
Belgium;2003;1,03798254902905;317381715575,621
Bosnia and Herzegovina;2003;3,9999997109359;8369878822,85055
Bulgaria;2003;5,15184101085522;21144983551,6823
Croatia;2003;5,63579851801137;34682900712,6654
Cyprus;2003;2,6232861229859;14547325028,3126
Czech Republic;2003;3,58368845880418;100090467581,268
Denmark;2003;0,390058556485101;218096033517,009
Estonia;2003;7,56669008183242;9877636630,53297
Finland;2003;2,00378420285061;171274266365,688
France;2003;0,823160756684118;1840480812641,08
Georgia;2003;11,0587231936646;3991284895,37214
Germany;2003;-0,700116686114356;2496128668171,56
Greece;2003;5,794530976397;201924269751,693
Hungary;2003;4,08452398526845;85302003908,042
Iceland;2003;2,26813694342812;11414055065,2466
Ireland;2003;3,01996841279508;164284689616,253
Israel;2003;0,970458541059443;126965980105,839
Italy;2003;0,138626890776507;1574145823927,77
Latvia;2003;8,43447503317574;11749456401,4266
Lithuania;2003;10,565956988762;18781721376,1985
Luxembourg;2003;1,62928558525141;29557325056,4334
Macedonia;2003;2,22260165732409;4946292774,79046
Malta;2003;4,07406758949924;5448415539,81248
Moldova;2003;6,6000000377682;1980907434,76826
Monaco;2003;1,08753659638623;3601321064,55266
Montenegro;2003;2,48265936070939;1707710053,14938
Morocco;2003;5,96116215478284;52064058833,9739
Netherlands;2003;0,155645898017013;578792325056,433
Norway;2003;0,910105664307537;228858506821,841
Poland;2003;3,49839918393234;217827260805,842
Portugal;2003;-0,930521192623061;164862142212,19
Romania;2003;2,34114732919521;57806506024,0964
Russia;2003;7,29995234453868;430347770731,787
San Marino;2003;3,87296669248644;1464326160,8154
Serbia;2003;4,38775702299594;22482365321,7656
Serbia and Montenegro;2003;3,43520819185266;NA
Slovakia;2003;5,49908215059925;46816589164,7856
Slovenia;2003;2,96026028579455;29634713641,0968
Spain;2003;2,98189483596207;905492099322,799
Sweden;2003;2,30981059032811;334337212322,076
Switzerland;2003;0,0395765719656112;352914820672,756
Turkey;2003;5,76320606924318;314595397485,462
Ukraine;2003;9,51592306455673;50084197498,4529
United Kingdom;2003;3,28637759033414;2053018775510,2
Yugoslavia;2003;3,89329497968943;NA
Albania;2004;5,5099986931984;7184681398,5698
Andorra;2004;8,13567633837351;2894921777,99851
Armenia;2004;10,4999999988202;3576615240,41616
Australia;2004;4,05545196750958;612490396927,017
Austria;2004;2,73512022241023;300904221504,842
Azerbaijan;2004;9,25380132627771;8680370408,05943
Belarus;2004;11,4497431053961;23144351851,8519
Belgium;2004;3,5712043433582;368537000248,324
Bosnia and Herzegovina;2004;6,0999667983028;10596205714,2857
Bulgaria;2004;6,44185946256435;26157894736,8421
Croatia;2004;4,15457685638678;41587470546,7946
Cyprus;2004;5,02634392575987;17320552500
Czech Republic;2004;4,81426100126959;119814434353,575
Denmark;2004;2,66821926741747;251373002954,382
Estonia;2004;6,76745571591827;12144397515,528
Finland;2004;3,99209129032087;197116960516,514
France;2004;2,82975292869891;2115742488204,62
Georgia;2004;5,79449634569851;5125365191,98664
Germany;2004;1,17508813160987;2809187981127,39
Greece;2004;5,06099275875546;240521261484,976
Hungary;2004;4,82285347250544;103960017914,058
Iceland;2004;8,04220482331569;13834750404,9624
Ireland;2004;6,72135352344678;193870692823,442
Israel;2004;4,18588241443997;135477431950,022
Italy;2004;1,42359415817907;1803226967966,23
Latvia;2004;8,50126750533843;14401882398,8552
Lithuania;2004;6,56949011753593;22627507451,5648
Luxembourg;2004;3,61217865779918;34685281847,5292
Macedonia;2004;4,67408957960916;5682719260,0763
Malta;2004;0,14026853724036;6098092511,83004
Moldova;2004;7,39999968991071;2598249555,89984
Monaco;2004;2,4704844477783;4137913500
Montenegro;2004;4,42605295805207;2073234417,68066
Morocco;2004;4,79701836216324;59626020162,3816
Netherlands;2004;1,98494571422152;657171591755,649
Norway;2004;3,96941456013641;264511630666,983
Poland;2004;4,98282212348474;255110181539,808
Portugal;2004;1,78873568157121;189034502110,752
Romania;2004;10,4281130180976;74972669056,5922
Russia;2004;7,19994786994475;591016690742,798
San Marino;2004;4,5488441461596;1723750000
Serbia;2004;9,02819692829154;26141968161,0924
Serbia and Montenegro;2004;6,72712494317181;NA
Slovakia;2004;5,27887999072587;57332015147,7527
Slovenia;2004;4,35919277843995;34414784504,2352
Spain;2004;3,12279524151424;1067093369754,16
Sweden;2004;4,33685615384474;385118044877,465
Switzerland;2004;2,77622340207608;394163688781,665
Turkey;2004;9,79593638222993;408865286824,668
Ukraine;2004;12,1087694905521;64819702951,6826
United Kingdom;2004;2,37395142770163;2416931526913,22
Yugoslavia;2004;5,61359726389463;NA
Albania;2005;5,52991480926491;8052075642,10781
Andorra;2005;5,39779598500422;3159905484,39249
Armenia;2005;13,8999999991133;4900469950,09033
Australia;2005;3,20426979287869;693407758231,845
Austria;2005;2,24406532463878;315974418604,651
Azerbaijan;2005;27,9615380685244;13245716099,0057
Belarus;2005;9,40000152357688;30207567316,6202
Belgium;2005;2,32173705381926;385570948886,954
Bosnia and Herzegovina;2005;8,75925684646404;11222953519,4252
Bulgaria;2005;7,15354138054481;29869283400,0381
Croatia;2005;4,30849337871648;45376744001,8044
Cyprus;2005;4,85300383835666;18433411267,2553
Czech Republic;2005;6,60161752988951;137143471328,274
Denmark;2005;2,33664130821947;264467336457,17
Estonia;2005;9,49029733597042;14098326078,8459
Finland;2005;2,77985055556123;204809103345,355
France;2005;1,66321998030079;2196126103718,44
Georgia;2005;9,58957406160836;6410823633,25426
Germany;2005;0,731707163554191;2845802760850,64
Greece;2005;0,599142125680459;247783002114,165
Hungary;2005;4,24362288413205;112980947728,383
Iceland;2005;6,33000005313524;16812530830,3841
Ireland;2005;5,7000896415169;211649034945,902
Israel;2005;3,91169329117949;142528909909,308
Italy;2005;0,817848973650598;1857524312896,41
Latvia;2005;10,7250862990309;16959313005,6005
Lithuania;2005;7,73236760360545;26097677571,8373
Luxembourg;2005;3,17244170941073;37347394602,6614
Macedonia;2005;4,72408864201974;6258600713,82627
Malta;2005;3,38359372183241;6416184235,8384
Moldova;2005;7,50000013866914;2988348836,471
Monaco;2005;1,89541528131781;4203084193,50827
Montenegro;2005;4,18060152722231;2257174480,78597
Morocco;2005;3,29163968433596;62343022650,8742
Netherlands;2005;2,05087610813881;685092650167,89
Norway;2005;2,62545762627546;308884284051,222
Poland;2005;3,50684745343695;306144336269,51
Portugal;2005;0,78184821592744;197180330804,626
Romania;2005;4,6681480508487;98452791982,7024
Russia;2005;6,39996544785382;764017107992,391
San Marino;2005;2,42510699001426;1785847531,40157
Serbia;2005;5,53034712145433;27683225959,2468
Serbia and Montenegro;2005;4,85547432433832;NA
Slovakia;2005;6,62346321492461;62785305310,2848
Slovenia;2005;3,79797264198646;36206395970,6504
Spain;2005;3,65203267433178;1153285660987,44
Sweden;2005;2,85880323990261;392218088878,779
Switzerland;2005;3,11524564881489;408689354320,591
Turkey;2005;8,99230494390505;506314592066,542
Ukraine;2005;2,99730011170958;86057915585,3026
United Kingdom;2005;3,17972889318253;2,53868e+12
Yugoslavia;2005;5,31533430316872;NA
Albania;2006;5,90008395738064;8896073938,31407
Andorra;2006;4,80868869916921;3456442102,622
Armenia;2006;13,1999999994661;6384451606,1421
Australia;2006;2,79453702446311;746054207846,661
Austria;2006;3,45404183614122;335998557270,104
Azerbaijan;2006;34,4662093637953;20982986344,3027
Belarus;2006;9,99999481247372;36954312354,3124
Belgium;2006;2,55234994366351;407918078032,869
Bosnia and Herzegovina;2006;5,41400357079434;12864610993,5219
Bulgaria;2006;6,80216757925123;34379808888,6039
Croatia;2006;4,99328763230982;50423077102,0764
Cyprus;2006;4,71382866563106;20072786350,5206
Czech Republic;2006;6,76693268125427;156264095664,643
Denmark;2006;3,9130079783106;282884947702,966
Estonia;2006;9,7187597467109;17012322167,8585
Finland;2006;4,02740965802573;216907539831,891
France;2006;2,44932360111885;2318593651988,46
Georgia;2006;9,41977064759736;7745394293,41721
Germany;2006;3,816441912988;2992196713084,93
Greece;2006;5,65243361851211;273317736795,885
Hungary;2006;4,03101326691535;115577256523,599
Iceland;2006;5,24882119079597;17216420304,9302
Ireland;2006;5,070900538792;232083467569,941
Israel;2006;5,56443513080241;154034316621,033
Italy;2006;1,79063968081796;1947919708944,93
Latvia;2006;11,9863628471386;21517445447,705
Lithuania;2006;7,41412133545715;30183575103,5262
Luxembourg;2006;5,17848460186509;42414308116,9239
Macedonia;2006;5,13702516153505;6861222331,96317
Malta;2006;2,51014276491921;6778324087,13818
Moldova;2006;4,79999985009476;3408244549,19999
Monaco;2006;5,80393653563056;4582988332,70606
Montenegro;2006;8,56641950822812;2721903148,91482
Morocco;2006;7,57463164458541;68640825480,9223
Netherlands;2006;3,46098895411502;733340860619,747
Norway;2006;2,39979082117745;345581369965,54
Poland;2006;6,13114394606158;344622003093,581
Portugal;2006;1,62503417629674;208581694893,991
Romania;2006;8,02881107599163;122022997508,01
Russia;2006;8,200068255056;989930542278,695
San Marino;2006;3,83008356545962;1908167105,75837
Serbia;2006;5,10779014122984;32482070360,3204
Serbia and Montenegro;2006;6,83710482472898;NA
Slovakia;2006;8,49317758711238;70708098105,6329
Slovenia;2006;5,746396900645;39481045038,2637
Spain;2006;4,10272711542463;1259343871534,31
Sweden;2006;4,66277355175126;423093437423,762
Switzerland;2006;3,9886341036744;430921192375,179
Turkey;2006;6,9479880856863;557076027808,823
Ukraine;2006;7,43991793435069;107647920792,079
United Kingdom;2006;2,78832456587739;2713749770009,2
Yugoslavia;2006;5,96557955064142;NA
Albania;2007;5,97998203625438;10677321490,3807
Andorra;2007;1,55318814103222;3952600602,24473
Armenia;2007;13,7000000015467;9206301700,39619
Australia;2007;3,84423031556788;853099630996,31
Austria;2007;3,72741530093519;388691445387,353
Azerbaijan;2007;25,4632159061216;33050343782,7759
Belarus;2007;8,6000065362481;45277399813,6067
Belgium;2007;3,67688113594973;470324254037,777
Bosnia and Herzegovina;2007;5,85911840234161;15778767669,6991
Bulgaria;2007;6,55708105188404;44405101469,5591
Croatia;2007;5,06762513457255;60073426976,5069
Cyprus;2007;5,09806845261184;23968764029,5647
Czech Republic;2007;5,57033885921025;190183800884,018
Denmark;2007;0,909238928302372;319423424509,066
Estonia;2007;7,57358007607853;22445583082,398
Finland;2007;5,29933650739021;256052559540,104
France;2007;2,42473624337305;2657213249384,07
Georgia;2007;12,5789534308973;10172882370,5477
Germany;2007;2,97645513131597;3421229126745,14
Greece;2007;3,27374681647711;318497937311,799
Hungary;2007;0,242181101313662;139966001509,592
Iceland;2007;9,36531937639815;21514962938,1001
Ireland;2007;5,32426755875225;269917942786,751
Israel;2007;5,77348250618796;178959188676,03
Italy;2007;1,48707298036786;2210292636189,43
Latvia;2007;10,0270996509004;31004884420,7359
Lithuania;2007;11,1074801410501;39697891351,9431
Luxembourg;2007;8,35455406874028;50888134410,0739
Macedonia;2007;6,47348685752347;8336478142,08872
Malta;2007;4,77470580212436;7925371458,80527
Moldova;2007;3,00000023969456;4401189466,14058
Monaco;2007;14,4288990234727;5867916780,72817
Montenegro;2007;6,81015049116694;3680711743,77224
Morocco;2007;3,53159415154489;79041294874,4553
Netherlands;2007;3,77284252073882;847481522036,682
Norway;2007;2,99425185125679;400937100158,657
Poland;2007;7,06154381310782;429028505365,078
Portugal;2007;2,50657964551773;240190803449,22
Romania;2007;7,23380774362805;174585202805,233
Russia;2007;8,49997776846357;1299705764823,62
San Marino;2007;7,10932260228034;2185874623,59704
Serbia;2007;6,43952555416212;43170990616,4729
Serbia and Montenegro;2007;6,62483802266453;NA
Slovakia;2007;10,8320288326386;86454081576,7862
Slovenia;2007;6,98016075450694;48006372844,2376
Spain;2007;3,60468797126931;1472131125102,66
Sweden;2007;3,43922177600065;491252589217,021
Switzerland;2007;4,11187778486608;479913033988,67
Turkey;2007;5,04350792469846;681321211458,133
Ukraine;2007;7,59352040825819;142579603960,396
United Kingdom;2007;2,43055320120308;3100882352941,18
Yugoslavia;2007;6,23131606735003;NA
Albania;2008;7,49996956029166;12881354103,8398
Andorra;2008;-5,55918636850581;4085630584,44412
Armenia;2008;6,90000000042959;11662040713,8753
Australia;2008;3,65795352556486;1053995523724,26
Austria;2008;1,4604236757386;430294287388,311
Azerbaijan;2008;10,5914372943933;48852482960,0779
Belarus;2008;10,1999994395436;60763483146,0674
Belgium;2008;0,446928735275904;515223524241,98
Bosnia and Herzegovina;2008;5,44184678922166;19112739664,4697
Bulgaria;2008;6,08562760690579;54438966419,8639
Croatia;2008;1,89345290008815;70234425974,0453
Cyprus;2008;3,6468119905756;27844698989,3072
Czech Republic;2008;2,68641195092762;236816485762,988
Denmark;2008;-0,512016744849106;353361038818,383
Estonia;2008;-5,08894290133486;24371299252,9662
Finland;2008;0,783995060876521;284553976856,599
France;2008;0,254945960124005;2918382891460,38
Georgia;2008;2,41857165904172;12795076469,0099
Germany;2008;0,95987913356484;3730027830672,33
Greece;2008;-0,335172452094639;354460802695,181
Hungary;2008;1,0582892500439;158136326477,965
Iceland;2008;1,99198082855523;17905251722,895
Ireland;2008;-4,48038347614992;275038895561,74
Israel;2008;2,99648306095004;216105164994,426
Italy;2008;-0,962012840579291;2398856598798,89
Latvia;2008;-3,32730003999858;35756225697,9974
Lithuania;2008;2,61442303328732;47797551587,8823
Luxembourg;2008;-1,27958624140669;55849686538,7432
Macedonia;2008;5,47200139015595;9909548410,82744
Malta;2008;3,8263591660248;9090406749,5267
Moldova;2008;7,80000014465953;6054849884,52656
Monaco;2008;0,666834793181863;6476490405,74191
Montenegro;2008;7,22275203419028;4545674527,61096
Morocco;2008;5,92327768597593;92507257783,5697
Netherlands;2008;2,17032485133603;947997656364,435
Norway;2008;0,476379999491613;4,6225e+11
Poland;2008;4,19996229248767;533609081852,897
Portugal;2008;0,319247925063081;262344779551,78
Romania;2008;9,30746717077338;214313628965,024
Russia;2008;5,19996926498843;1660846387624,78
San Marino;2008;-0,500939261114581;2393437820,41892
Serbia;2008;5,6555766215919;52194221468,5007
Serbia and Montenegro;2008;6,43916432789109;NA
Slovakia;2008;5,57488636153474;100469509301,304
Slovenia;2008;3,50984151699558;55552509154,8264
Spain;2008;0,887145182485298;1625224842536,99
Sweden;2008;-0,450559256743361;517706149201,196
Switzerland;2008;2,1547019611267;554363487212,63
Turkey;2008;0,815024570978082;770449330198,346
Ukraine;2008;2,30402491084496;179816790704,739
United Kingdom;2008;-0,281153555903288;2922667279411,76
Yugoslavia;2008;4,74469397241751;NA
Albania;2009;3,35006652793865;12044223352,5413
Andorra;2009;-5,30284654348291;3674409558,21061
Armenia;2009;-14,1000000006998;8647936747,98704
Australia;2009;1,93699392030038;927805183330,879
Austria;2009;-3,76457817791677;400172297860,517
Azerbaijan;2009;9,36907477711533;44291490420,5026
Belarus;2009;0,199995310014472;50874078052,2735
Belgium;2009;-2,02074306169408;481345929424,84
Bosnia and Herzegovina;2009;-3,00445593013346;17613836209,9581
Bulgaria;2009;-3,37483832880535;52023504656,2878
Croatia;2009;-7,32353731934752;62600093958,9538
Cyprus;2009;-2,01526235906867;25945391775,4932
Czech Republic;2009;-4,65733109171755;207434296805,33
Denmark;2009;-4,90654772965155;321241303699,006
Estonia;2009;-14,4338673230625;19744110864,1289
Finland;2009;-8,0744474323113;252496526813,004
France;2009;-2,87331382849631;2690222283967,77
Georgia;2009;-3,65051363069394;10766836276,5639
Germany;2009;-5,69383633640285;3397791053070,3
Greece;2009;-4,30073390776887;330000251458,739
Hungary;2009;-6,69955413727229;130760312876,683
Iceland;2009;-6,77721508378367;13164652470,4299
Ireland;2009;-5,07921247175985;236316405946,096
Israel;2009;0,924262670543058;207468170790,631
Italy;2009;-5,2809372082931;2191241872742,43
Latvia;2009;-14,2597185860511;26317286627,7453
Lithuania;2009;-14,8386083735986;37388122046,1496
Luxembourg;2009;-4,35860654687093;51370543206,4462
Macedonia;2009;-0,358614856979671;9401731495,71661
Malta;2009;-1,13387365460049;8696366868,92276
Moldova;2009;-6,00000028938908;5439422031,39627
Monaco;2009;-11,3000006173509;5451653237,01028
Montenegro;2009;-5,79509618402625;4159330369,5471
Morocco;2009;4,24375732083367;92897320375,8176
Netherlands;2009;-3,66688393735825;868077243678,8
Norway;2009;-1,72702030948713;386190385318,767
Poland;2009;2,83218458943098;439737508413,192
Portugal;2009;-3,12207942033321;243701635176,438
Romania;2009;-5,51739440805439;174103695930,213
Russia;2009;-7,79999391343111;1222644282201,86
San Marino;2009;-10,3209565764632;2056126701,86163
Serbia;2009;-2,73175198917728;45162894380,9318
Serbia and Montenegro;2009;-4,26342408660177;NA
Slovakia;2009;-5,45553323068241;89046289247,0131
Slovenia;2009;-7,54843779134178;50368056404,5568
Spain;2009;-3,76323192690089;1485583495415,39
Sweden;2009;-4,33979057452935;436537014293,554
Switzerland;2009;-2,22210715877745;541506500321,662
Turkey;2009;-4,82315394899531;649289324631,255
Ukraine;2009;-14,7585621734729;117113410001,027
United Kingdom;2009;-4,24782176303837;2410909799034,12
Yugoslavia;2009;-5,28065584280526;NA
Albania;2010;3,70689230100683;11926928505,5231
Andorra;2010;-1,97495799965345;3449966856,68832
Armenia;2010;2,2000000002151;9260284937,79781
Australia;2010;2,067417127684;1146138465603,81
Austria;2010;1,83709367680054;391892746544,69
Azerbaijan;2010;4,78924279245962;52902703376,1056
Belarus;2010;7,79826682269731;57222490768,7143
Belgium;2010;2,86429270764155;480951629493,033
Bosnia and Herzegovina;2010;0,865669260237084;17176781336,7644
Bulgaria;2010;0,559446489731144;50381825504,2642
Croatia;2010;-1,31656297984225;59918313669,1671
Cyprus;2010;2,01469570699406;25732432719,0773
Czech Republic;2010;2,43490215904518;209069940963,177
Denmark;2010;1,87099114718497;321995279401,502
Estonia;2010;2,69032839901406;19693608289,0773
Finland;2010;3,18595865407703;249181190476,369
France;2010;1,94943762312663;2642609548930,36
Georgia;2010;6,24948776787187;12243505582,6741
Germany;2010;4,17988249873657;3396354075663,73
Greece;2010;-5,47903689372846;299361576293,332
Hungary;2010;1,12217824979848;131916516051,985
Iceland;2010;-3,43587559404847;13683689692,6583
Ireland;2010;1,80997931190268;222148757577,891
Israel;2010;5,60113762485308;233995676087,698
Italy;2010;1,71329583916922;2134017843247,16
Latvia;2010;-4,4068236355224;23877564355,9904
Lithuania;2010;1,65124065328366;37138464732,9838
Luxembourg;2010;4,86496897912487;53212476812,2957
Macedonia;2010;3,35875085773812;9407168702,4313
Malta;2010;5,54364001072236;9035932177,77961
Moldova;2010;7,10000008379275;6974960345,3712
Monaco;2010;2,09999989913061;5367625613,15127
Montenegro;2010;2,73437929219654;4142931812,77707
Morocco;2010;3,8157179167666;93216746661,5977
Netherlands;2010;1,34273933636553;846554894931,084
Norway;2010;0,701833823862358;428757038466,841
Poland;2010;3,74051777907684;479834179020,33
Portugal;2010;1,73762547590566;237880908317,652
Romania;2010;-3,90123628018621;166309355234,589
Russia;2010;4,50000000003065;1524917468442,01
San Marino;2010;-5,47368421052632;1881214370,93994
Serbia;2010;0,73104455254213;41819468691,8251
Serbia and Montenegro;2010;1,73271192236934;NA
Slovakia;2010;5,87125610880706;90310718349,0156
Slovenia;2010;1,34374847220215;48161250405,2468
Spain;2010;0,163010230841422;1420722034063
Sweden;2010;5,95210700755608;495812558843,31
Switzerland;2010;3,00269906375317;583782978345,834
Turkey;2010;8,42710432293381;776967610957,286
Ukraine;2010;3,83439250483319;136013155905,036
United Kingdom;2010;1,94952146428622;2475244321361,11
Yugoslavia;2010;0,871655719467131;NA
Albania;2011;2,54532184477017;12890765324,2256
Andorra;2011;-0,00806975341139093;3629203786,19154
Armenia;2011;4,69999999867412;10142111334,4961
Australia;2011;2,46275631162725;1396649906339,35
Austria;2011;2,92279728368581;431120310088,82
Azerbaijan;2011;-1,57299762108384;65951627200,2026
Belarus;2011;5,37870744981015;61757788944,7236
Belgium;2011;1,69451389861332;522645519183,591
Bosnia and Herzegovina;2011;0,959511247241267;18644723860,9709
Bulgaria;2011;2,35455692273156;57386216850,3377
Croatia;2011;-0,198369263496232;62537851352,4904
Cyprus;2011;0,401437941132741;27565469097,9955
Czech Republic;2011;1,76035962445222;229562733398,948
Denmark;2011;1,33677776690328;344003137611,271
Estonia;2011;7,44393610392831;23391530006,3166
Finland;2011;2,54766483842627;275243697751,011
France;2011;2,19270063266654;2861408170264,6
Georgia;2011;7,3999998671419;15107441446,7833
Germany;2011;3,92519270463411;3744408602683,94
Greece;2011;-9,13249417175027;287797821676,138
Hungary;2011;1,93710779352188;141759722464,002
Iceland;2011;1,88162027973722;15158548262,7723
Ireland;2011;0,343441112458279;237472361733,546
Israel;2011;4,78349750863643;261468634287,095
Italy;2011;0,707333347034435;2291991045770,29
Latvia;2011;6,46884995004382;28619991391,7457
Lithuania;2011;6,03900816040344;43582248869,6143
Luxembourg;2011;2,53923576779506;60004630234,4135
Macedonia;2011;2,33988604520331;10494632699,3859
Malta;2011;0,467050564252574;9638916472,1536
Moldova;2011;5,81816640453509;8414360656,29632
Monaco;2011;7;6088808463,25167
Montenegro;2011;3,22841902153232;4544575151,98546
Morocco;2011;5,24569729729485;101370474295,109
Netherlands;2011;1,55118931244651;904085980796,018
Norway;2011;0,981469497299358;498283438454,281
Poland;2011;4,75763800382072;528301269069,799
Portugal;2011;-1,69616478061504;244797226567,109
Romania;2011;1,90606770748846;183326740143,016
Russia;2011;4,3000291857941;2045925608274,37
San Marino;2011;-8,3147735708983;1813752783,96437
Serbia;2011;2,0362766886403;49258136128,9672
Serbia and Montenegro;2011;2,63234785508631;NA
Slovakia;2011;2,84721817797882;99122802874,1718
Slovenia;2011;0,861327732719303;51516366654,8197
Spain;2011;-0,81437345515107;1478772824224,03
Sweden;2011;3,1953332348894;574094112972,733
Switzerland;2011;1,69280851305236;699579638413,011
Turkey;2011;11,2001105827376;838785707000,17
Ukraine;2011;5,46550184584432;163159671670,265
United Kingdom;2011;1,54014740315958;2659310054646,23
Yugoslavia;2011;1,37743308532739;NA
Albania;2012;1,41752599216287;12319830252,4768
Andorra;2012;-4,97444371853503;3188808942,56713
Armenia;2012;7,20000000096486;10619320048,5857
Australia;2012;3,91816287094112;1546151783872,96
Austria;2012;0,680445576816723;409425234155,263
Azerbaijan;2012;2,20293902267821;69683935845,2139
Belarus;2012;1,68713553642841;65685102554,8759
Belgium;2012;0,739217283058679;496181260258,3
Bosnia and Herzegovina;2012;-0,821836474216894;17226849297,07
Bulgaria;2012;0,356586982837044;54033250328,5151
Croatia;2012;-2,3917742692408;56580819623,8529
Cyprus;2012;-3,44682208589713;24978513426,6992
Czech Republic;2012;-0,785004299003617;208857719320,649
Denmark;2012;0,226499791802965;327148943812,137
Estonia;2012;3,12484637290247;23192708981,8446
Finland;2012;-1,39754572817782;258304834621,605
France;2012;0,313134751077172;2683825225092,63
Georgia;2012;6,3690083063386;16488403076,3641
Germany;2012;0,418497594217598;3527344944139,83
Greece;2012;-7,30049406220242;245670666767,533
Hungary;2012;-1,38062332775523;128475498380,379
Iceland;2012;1,29643760789892;14724078148,3168
Ireland;2012;0,225714790371583;224999484361,826
Israel;2012;2,25723755698695;257180147032,142
Italy;2012;-2,98090576823772;2087077032435,15
Latvia;2012;4,25172304811186;28330632928,5559
Lithuania;2012;3,8438647490634;42943442157,7701
Luxembourg;2012;-0,352520089272659;56677961787,0717
Macedonia;2012;-0,456183223607937;9745251126,0109
Malta;2012;4,11770637605775;9462238256,97848
Moldova;2012;-0,589734125919819;8709165249,26928
Monaco;2012;1,000000923315;5743029680,07195
Montenegro;2012;-2,72379678759462;4087561649,51236
Morocco;2012;3,00996126221978;98266306615,3632
Netherlands;2012;-1,03035399148436;838971306990,906
Norway;2012;2,70307385484266;509506317146,541
Poland;2012;1,32489082785044;498523568248,119
Portugal;2012;-4,05729360769561;216236608773,976
Romania;2012;2,04066513079732;170635805316,879
Russia;2012;4,02408615720979;2208295773643,15
San Marino;2012;-7,04453441295546;1604779647,95066
Serbia;2012;-0,68154236933475;43309252921,0567
Serbia and Montenegro;2012;-1,70266957846468;NA
Slovakia;2012;1,89674227140716;94534730680,6023
Slovenia;2012;-2,63943875676689;46580457470,2769
Spain;2012;-2,95944130173555;1324820091194,67
Sweden;2012;-0,588304568990736;552483727282,802
Switzerland;2012;1,0060240455055;668043613696,287
Turkey;2012;4,78849270937106;880555967207,49
Ukraine;2012;0,238681720768113;175781379051,433
United Kingdom;2012;1,4789239242734;2704887678386,72
Yugoslavia;2012;-1,85167773143079;NA
Albania;2013;1,00198715014967;12776217194,7928
Andorra;2013;-3,54759651549344;3193704343,20627
Armenia;2013;3,3;11121465767,4067
Australia;2013;2,58489770154893;1576184467015,49
Austria;2013;0,0255047121972183;430068712971,867
Azerbaijan;2013;5,8434157623727;74164435946,4627
Belarus;2013;1,00347084085645;75527984234,2342
Belgium;2013;0,459242192907709;521642714407,843
Bosnia and Herzegovina;2013;2,3498566632458;18178503835,4491
Bulgaria;2013;0,325769436153124;55615397665,5809
Croatia;2013;-0,447092176997273;58194069434,1423
Cyprus;2013;-6,55307825499119;23900872625,8467
Czech Republic;2013;-0,0459036735515213;211685616592,931
Denmark;2013;0,933340972371226;343584391647,927
Estonia;2013;1,34618473238244;25271406707,566
Finland;2013;-0,901696316194844;271285280621,373
France;2013;0,576326674771792;2811077725703,59
Georgia;2013;3,62130535196276;17189551520,9811
Germany;2013;0,437591303144671;3732743446218,92
Greece;2013;-3,24142473106683;239862011051,781
Hungary;2013;1,86075162441399;135411698965,109
Iceland;2013;4,13385115003635;16033517403,2062
Ireland;2013;1,35163384675889;238543539440,554
Israel;2013;4,14805450271368;292636164056,027
Italy;2013;-1,84106545088248;2141315327318,21
Latvia;2013;2,31017607605585;30432796305,7043
Lithuania;2013;3,55007284270485;46514471181,9327
Luxembourg;2013;3,65437134208327;61739352212,3049
Macedonia;2013;2,92525766450484;10817712138,9451
Malta;2013;5,47335591422899;10551661220,181
Moldova;2013;9,0438654824315;9496684701,43325
Monaco;2013;9,59999846418893;6555983530,34932
Montenegro;2013;3,54898055211466;4464502433,55448
Morocco;2013;4,53542420003856;106825649872,108
Netherlands;2013;-0,130175288449919;876923518850,405
Norway;2013;1,03407291353631;522761531914,894
Poland;2013;1,12576783609582;521016262734,924
Portugal;2013;-0,922644674527888;226369502104,236
Romania;2013;3,77096230437297;190801346194,297
Russia;2013;1,75542214909368;2292473246621,08
San Marino;2013;-0,78397212543554;1678841811,66158
Serbia;2013;2,89263673355808;48394239474,6762
Serbia and Montenegro;2013;3,22080864283637;NA
Slovakia;2013;0,666535041763396;98848641554,6311
Slovenia;2013;-1,02928277204056;48401896808,3064
Spain;2013;-1,43539425919327;1354757433212,72
Sweden;2013;1,187775715906;586841821796,891
Switzerland;2013;1,85203981617654;688504173431,454
Turkey;2013;8,48581700166973;957799371565,729
Ukraine;2013;-0,0266978900718868;183310146378,081
United Kingdom;2013;2,1394857181109;2786022872706,81
Yugoslavia;2013;1,46301979997614;NA
Albania;2014;1,77448678495493;13228144008,3428
Andorra;2014;2,50446552114518;3271808157,30038
Armenia;2014;3,60000000058993;11609512939,7542
Australia;2014;2,5331146653882;1467483705131,74
Austria;2014;0,661272848852605;441996131736,508
Azerbaijan;2014;2,79758543403612;75244294275,1498
Belarus;2014;1,72638485417002;78813839984,3506
Belgium;2014;1,57853314322614;534678075827,361
Bosnia and Herzegovina;2014;1,15385109200403;18558343508,3435
Bulgaria;2014;1,88546463842944;56901994980,3283
Croatia;2014;-0,34145251686769;57639588805,5871
Cyprus;2014;-1,82930910922002;23156850006,6427
Czech Republic;2014;2,26210289708078;209358834156,329
Denmark;2014;1,61939381103033;352993631617,708
Estonia;2014;2,98732482453686;26773473625,1921
Finland;2014;-0,364908156882066;274497230802,958
France;2014;0,956183052371557;2852165760630,27
Georgia;2014;4,43192482309078;17627003454,7205
Germany;2014;2,20954343134872;3883920155292,26
Greece;2014;0,739776853966688;237029578730,029
Hungary;2014;4,22895073481537;140765018880,633
Iceland;2014;2,0826231642619;17758050015,5425
Ireland;2014;8,55668815348987;258471884599,611
Israel;2014;3,75820016332611;309558454690,917
Italy;2014;-0,00454754236383792;2159133919743,77
Latvia;2014;1,07363408715679;31329367172,7409
Lithuania;2014;3,53700987901611;48574531941,9167
Luxembourg;2014;4,29678630500703;66103853236,7572
Macedonia;2014;3,62912351276373;11362272837,8818
Malta;2014;7,6335384644276;11626281449,5909
Moldova;2014;4,99962566891807;9510219299,49557
Monaco;2014;7,20000071732574;7069616048,89066
Montenegro;2014;1,78371215072646;4587741791,10639
Morocco;2014;2,66949392694423;110081248587,369
Netherlands;2014;1,42339539510084;890981311077,658
Norway;2014;1,9695443007939;498410050251,256
Poland;2014;3,37857807264132;542477096211,761
Portugal;2014;0,792190301875365;229596170846,995
Romania;2014;3,60872365319838;199959363430,073
Russia;2014;0,736267221415574;2059241965490,83
San Marino;2014;-0,702370500438988;1673973694,69908
Serbia;2014;-1,58951031990257;47062206677,6539
Serbia and Montenegro;2014;0,097100915411945;NA
Slovakia;2014;2,64158974610042;101189715749,374
Slovenia;2014;2,76815883065036;49930685013,4603
Spain;2014;1,38390794267029;1369398844599,58
Sweden;2014;2,65779827531642;581964017237,095
Switzerland;2014;2,44921805580964;709182559935,301
Turkey;2014;4,93971516020883;938934394763,917
Ukraine;2014;-6,55263129365765;133503411375,739
United Kingdom;2014;2,60747590068877;3063803240208,01
Yugoslavia;2014;0,754951847322118;NA
Albania;2015;2,21875223166761;11386846319,1589
Andorra;2015;1,43414039522716;2789870187,50693
Armenia;2015;3,19999999896625;10553337672,9872
Australia;2015;2,19264742646037;1351693984524,5
Austria;2015;1,01450158590511;381817565893,574
Azerbaijan;2015;1,0495463680441;53074370486,0433
Belarus;2015;-3,82957055828379;56454734396,5842
Belgium;2015;2,04145900919961;462149679343,822
Bosnia and Herzegovina;2015;3,08916415179439;16211541820,2438
Bulgaria;2015;3,98985171362301;50647442756,7445
Croatia;2015;2,43188857335539;49525747503,8149
Cyprus;2015;3,21856901005827;19842404304,8929
Czech Republic;2015;5,38838083815307;188033050459,881
Denmark;2015;2,34259110757047;302673070846,857
Estonia;2015;1,84488667705067;23048864242,6072
Finland;2015;0,543659211765487;234440080998,273
France;2015;1,1129123405747;2438207896251,84
Georgia;2015;3,02220738019703;14953950557,4406
Germany;2015;1,49193152760772;3356235704119,75
Greece;2015;-0,437833825754794;196591353872,132
Hungary;2015;3,81942837927696;125074286021,14
Iceland;2015;4,74898497215104;17389101639,0017
Ireland;2015;25,1625331003403;291499812214,551
Israel;2015;2,29009213261608;299813121135,458
Italy;2015;0,778304350716581;1835899237320,04
Latvia;2015;4,00687403269866;27239653843,5022
Lithuania;2015;2,02458395469182;41418872976,1196
Luxembourg;2015;4,30643149305372;57744457954,7297
Macedonia;2015;3,85586514041738;10064515432,0265
Malta;2015;9,6081323482308;11091434435,2345
Moldova;2015;-0,338235324459944;7745231660,33425
Monaco;2015;4,89999916940167;6261622101,40908
Montenegro;2015;3,39038879419505;4053097851,44823
Morocco;2015;4,53637816806425;101179808076,36
Netherlands;2015;1,95916972105708;765264949780,999
Norway;2015;1,96712843821408;385801550067,169
Poland;2015;4,23632630608085;477811911394,084
Portugal;2015;1,79204604555983;199313894327,486
Romania;2015;2,95367403735953;177729210874,504
Russia;2015;-1,97271922637542;1363481063446,77
San Marino;2015;2,4573279979885;1419394771,21029
Serbia;2015;1,80605926509682;39655958842,5478
Serbia and Montenegro;2015;2,59822402964593;NA
Slovakia;2015;4,81489967027436;88467555243,7256
Slovenia;2015;2,21008160650594;43090173394,6913
Spain;2015;3,83517266033846;1195119269971,52
Sweden;2015;4,48928158790491;505103781349,757
Switzerland;2015;1,3333691753042;679832292004,984
Turkey;2015;6,08448690017995;864314287105,727
Ukraine;2015;-9,77296079067543;91030959454,6961
United Kingdom;2015;2,35552430595799;2928591002002,51
Yugoslavia;2015;2,58551647818952;NA
Albania;2016;3,31480475341897;11861200797,4706
Andorra;2016;3,70967806978986;2896679211,86628
Armenia;2016;0,199999999825991;10546135160,031
Australia;2016;2,7706521973025;1208846993739,99
Austria;2016;1,98943716230463;395568644341,038
Azerbaijan;2016;-3,06359845351251;37867518957,1975
Belarus;2016;-2,52644643552364;47722657820,6675
Belgium;2016;1,26668640902095;475739588764,759
Bosnia and Herzegovina;2016;3,14980691561182;16913330693,9653
Bulgaria;2016;3,82043453021177;53806894796,3801
Croatia;2016;3,49813499168994;51601147665,8089
Cyprus;2016;6,43805848146472;20953442550,3653
Czech Republic;2016;2,5372845203138;196272068576,338
Denmark;2016;3,24595698524399;313115929314,339
Estonia;2016;3,18781708302028;24259552888,9717
Finland;2016;2,81145776663433;240607907010,383
France;2016;1,09546440372048;2471285607081,72
Georgia;2016;2,90643878002064;15141758566,7808
Germany;2016;2,22999986782015;3467498002104,33
Greece;2016;-0,190952352057238;195222443844,783
Hungary;2016;2,13999571174807;128470534117,954
Iceland;2016;6,62703663431921;20618363251,6229
Ireland;2016;3,67781580955584;300523297823,576
Israel;2016;3,98204641920276;318950599043,544
Italy;2016;1,29346273155907;1875797463583,87
Latvia;2016;2,37292412754951;28052325862,0461
Lithuania;2016;2,51882827307178;43018087237,5741
Luxembourg;2016;4,57460105103911;60691483443,1221
Macedonia;2016;2,84820519363306;10672471860,7184
Malta;2016;3,89120692508136;11665231192,2959
Moldova;2016;4,40888672378215;8071480540,86068
Monaco;2016;3,50000139074969;6472990923,1791
Montenegro;2016;2,94931306833857;4373958353,52982
Morocco;2016;1,05985639008179;103311649248,024
Netherlands;2016;2,19171371926123;783528181704,567
Norway;2016;1,07155897720727;368819929542,194
Poland;2016;3,14173122907013;472630364208,177
Portugal;2016;2,01948539561312;206286022781,894
Romania;2016;4,70299774749441;188128818486,401
Russia;2016;0,193690071729534;1276786979221,81
San Marino;2016;2,45937588353054;1468377272,13859
Serbia;2016;3,33858676542988;40692643373,0327
Serbia and Montenegro;2016;3,14394991688423;NA
Slovakia;2016;2,13272778393984;89655253976,4258
Slovenia;2016;3,19185251782498;44736333522,4522
Spain;2016;3,03130132981933;1232076017361,53
Sweden;2016;2,07059315052096;515654671469,547
Switzerland;2016;1,72274067016851;671309197478,183
Turkey;2016;3,32308420844105;869683121562,531
Ukraine;2016;2,23506761905661;93355993628,5042
United Kingdom;2016;1,91815513204681;2694283209613,29
Yugoslavia;2016;3,22553885177904;NA
Albania;2017;3,80219748796804;13019693450,8816
Andorra;2017;0,346071889630295;3000180750,11297
Armenia;2017;7,50000000164144;11527458565,7334
Australia;2017;2,30061062359425;1329188475752,32
Austria;2017;2,39958760332166;417237869115,93
Azerbaijan;2017;0,153614646686307;40865558912,3867
Belarus;2017;2,53218350023035;54726595249,1849
Belgium;2017;1,60808683450885;502698069366,942
Bosnia and Herzegovina;2017;3,17143487487128;18080118128,3854
Bulgaria;2017;3,50275153013627;58971520599,2509
Croatia;2017;3,43921735228665;55481644098,0495
Cyprus;2017;5,15477714593604;22729184365,1152
Czech Republic;2017;5,16872430413071;218628940951,675
Denmark;2017;2,82173634129026;332121063806,391
Estonia;2017;5,49915471010711;26951648828,5789
Finland;2017;3,27017227416624;255232257243,53
France;2017;2,29141999417021;2595151045197,65
Georgia;2017;4,84260322496586;16242916915,7203
Germany;2017;2,60197600462604;3682602479929,42
Greece;2017;1,50509939592598;203588424740,3
Hungary;2017;4,31678098650497;142961605733,026
Iceland;2017;4,54598290279273;24488176540,5908
Ireland;2017;8,14529626312184;335663113507,851
Israel;2017;3,53670317097017;353253406982,751
Italy;2017;1,66785904106857;1961796197354,36
Latvia;2017;3,2507202900895;30458763245,5118
Lithuania;2017;4,28259695120761;47758736931,7801
Luxembourg;2017;1,80118095539584;64181944722,7283
Macedonia;2017;1,08177273813243;11307058382,3435
Malta;2017;8,01506313434925;13146963159,1185
Moldova;2017;4,69079339018722;9669759987,02633
Monaco;2017;-3,40000080981497;6431314957,07185
Montenegro;2017;4,71648965710496;4844606145,7683
Morocco;2017;4,24894920814332;109682728023,112
Netherlands;2017;2,91090251315005;833869641687,06
Norway;2017;2,3232584068849;398393955268,99
Poland;2017;4,83065457036179;526508877305,321
Portugal;2017;3,50634473938494;221357874718,93
Romania;2017;7,31944852925453;211695422578,655
Russia;2017;1,82579006355112;1574199387070,9
San Marino;2017;0,602381214348185;1528630707,49794
Serbia;2017;2,10116384741241;44179055279,8887
Serbia and Montenegro;2017;3,40882675225869;NA
Slovakia;2017;3,04327955580635;95494424978,5166
Slovenia;2017;4,79354876042457;48586603447,6954
Spain;2017;2,97364119053731;1312539279462,36
Sweden;2017;2,56792452526476;541018749769,097
Switzerland;2017;1,79940884956473;679950481622,843
Turkey;2017;7,50199749358555;858988610574,035
Ukraine;2017;2,46603562470679;112190355158,178
United Kingdom;2017;1,89207700716807;2666229179958,01
Yugoslavia;2017;3,64437089841997;NA
Albania;2018;4,07130129479023;15147020535,3869
Andorra;2018;1,58876549046354;3218316013,22626
Armenia;2018;5,19999999965324;12457941907,0333
Australia;2018;2,94928577160958;1432881172002,17
Austria;2018;2,58012073304926;455094861902,062
Azerbaijan;2018;1,50040170699388;47112941176,4706
Belarus;2018;3,14919759374963;60031262269,3365
Belgium;2018;1,81229599862863;543734366831,215
Bosnia and Herzegovina;2018;3,74007109201324;20183510561,2553
Bulgaria;2018;3,09244765360886;66230155099,5775
Croatia;2018;2,80760970078776;61375222347,0256
Cyprus;2018;5,24074782806838;25309818138,8758
Czech Republic;2018;3,1813140503092;248908731817,502
Denmark;2018;2,17564638865319;356879499797,896
Estonia;2018;4,35546476501582;30631142226,8533
Finland;2018;1,51758861140196;275946554578,823
France;2018;1,79286392711333;2787863958885,49
Georgia;2018;4,86993477619603;17599700090,762
Germany;2018;1,26799523225071;3963767526250,98
Greece;2018;1,93437065932918;218138367208,799
Hungary;2018;5,40529410393094;160418835850,907
Iceland;2018;3,81442300431327;25737594324,022
Ireland;2018;8,16987071841437;382674360648,245
Israel;2018;3,45370255788211;370587977125,732
Italy;2018;0,944089468582305;2091544955092,31
Latvia;2018;4,02431104454983;34416012859,1866
Lithuania;2018;3,9368459012309;53722883091,3513
Luxembourg;2018;3,11083626560442;70919958015,5247
Macedonia;2018;2,89999999999999;12683073866,1105
Malta;2018;5,17859848221423;14750790658,4025
Moldova;2018;4,30147772232226;11456717193,2501
Monaco;2018;6,10000047479944;7188238072,74445
Montenegro;2018;5,07791065599665;5504255213,57871
Morocco;2018;3,14850265040512;118096227400,092
Netherlands;2018;2,36091509478513;914043438179,607
Norway;2018;1,28954820126177;434166615431,909
Poland;2018;5,353704746044;587411745161,558
Portugal;2018;2,84932594937632;242313116577,967
Romania;2018;4,47452377497343;241457403085,042
Russia;2018;2,53633130140389;1669583089322,96
San Marino;2018;1,31277140529018;1655300872,53427
Serbia;2018;4,4951212927627;50640650221,4622
Serbia and Montenegro;2018;4,78651597437968;NA
Slovakia;2018;3,76863150894924;105701930962,982
Slovenia;2018;4,38450172090073;54161636034,6517
Spain;2018;2,43004714546871;1422153839840,78
Sweden;2018;1,95002284569983;555455371487,089
Switzerland;2018;2,75055377478878;705140620046,7
Turkey;2018;2,95896672404676;778381859840,942
Ukraine;2018;3,40529852208769;130901858421,72
United Kingdom;2018;1,34072060244353;2860667727551,97
Yugoslavia;2018;4,10104289249222;NA
Albania;2019;2,24007026773023;15279183289,9372
Andorra;2019;1,84923825726078;3154057987,23833
Armenia;2019;7,59999999853918;13672802157,8324
Australia;2019;2,16095629535999;1396567014733,23
Austria;2019;1,41873427248989;445075391688,156
Azerbaijan;2019;2,21870427670241;48047647058,8235
Belarus;2019;1,22209662862558;63080457022,6599
Belgium;2019;1,7438195246211;533097455834,509
Bosnia and Herzegovina;2019;2,67816082303464;20164193806,88
Bulgaria;2019;3,694308379839;68558815111,6199
Croatia;2019;2,85892596800696;60752588976,3175
Cyprus;2019;3,07503434303197;24948935408,0376
Czech Republic;2019;2,33530928255712;250680504529,647
Denmark;2019;2,8495144411967;350104327658,675
Estonia;2019;4,99644378512059;31471100656,2431
Finland;2019;1,1455357025294;269296310180,392
France;2019;1,50859403033795;2715518274227,45
Georgia;2019;4,98235045944931;17477255545,6705
Germany;2019;0,555450887945668;3861123558039,21
Greece;2019;1,87087000443557;209852761132,839
Hungary;2019;4,57819046064414;163469042867,956
Iceland;2019;1,91867686670734;24188038473,5438
Ireland;2019;5,54976718213716;388698711348,156
Israel;2019;3,47168823051378;394652210295,849
Italy;2019;0,342718996631092;2003576145498,04
Latvia;2019;2,05408150762321;34102913582,4235
Lithuania;2019;4,33886103349596;54627411860,4705
Luxembourg;2019;2,29697881609749;71104919108,1411
Macedonia;2019;3,2;12547040498,9077
Malta;2019;4,9198221173362;14989415684,1203
Moldova;2019;3,58048425375992;11968713370,4969
Monaco;2019;NA;NA
Montenegro;2019;4,06293885004432;5542577964,98146
Morocco;2019;2,48190512448301;119700325461,938
Netherlands;2019;1,67741836780002;907050863145,097
Norway;2019;1,15472193916453;403336363636,364
Poland;2019;4,54091951432764;595858207011,512
Portugal;2019;2,23597655505208;238785085030,988
Romania;2019;4,15262741240312;250077444017,084
Russia;2019;1,34187544067058;1699876578871,35
San Marino;2019;NA;NA
Serbia;2019;4,24851343995569;51475016532,1293
Serbia and Montenegro;2019;4,155726145;NA
Slovakia;2019;2,31702345469655;105079673009,733
Slovenia;2019;3,18434162415744;54174227308,8862
Spain;2019;1,95012689445046;1393490524517,64
Sweden;2019;1,26098005513558;530883869004,977
Switzerland;2019;0,928832411662611;703082435158,864
Turkey;2019;0,916534797206751;761425499358,159
Ukraine;2019;3,23349118845559;153781069118,148
United Kingdom;2019;1,46265820190786;2829108219165,8
Yugoslavia;2019;3,40657614103981;NA
